ID,home_lon_4326,home_lat_4326,num_nights,stay_time
c8dc7a41-2a12-39c2-8a5d-68a9fc417be8,-118.2512823627082,34.15229919922155,20,1739518.0
554c66e1-7191-34cd-93b2-ae4b83adf94d,-118.56755762077404,34.15723395494866,16,1494501.0
46b96c44-f61b-33f2-952c-d0640a123cd8,-118.5233047596714,34.1695139679255,15,1412327.0
9735d642-2da8-34bb-843c-0e2ed95fc83a,-118.25357392867568,34.23388722009656,22,1757460.0
58f26bf9-874a-370e-bc84-c6a0d413c8f3,-118.02429465035624,34.08406129419198,15,1666388.0
8bdec55a-67c0-3491-bf98-77e500b36dfe,-118.39815404357076,34.01409448339969,19,1747496.0
25f2999b-b256-3bc7-b0bb-6fb5ccbfa2af,-118.36668105080513,34.14475609450633,18,1558980.0
ccac6d58-876e-3091-a137-4a715c37bec0,-118.59657849433144,34.229449386768124,22,1756444.0
20d349bf-8d51-356f-b020-ae1ffa763c7b,-118.44906556514287,34.4269587366853,14,1638700.0
ccded323-7e7d-3fa5-9eee-cac6a2695060,-118.38523546268982,34.05211577614715,14,1728122.0
2a8864e6-ef42-3b6b-8366-34e72930b1ec,-118.4641348033533,34.292421259587584,15,1758929.0
d42177b5-18bb-377d-8318-eefb7f5cf0e9,-118.0623545611137,34.13739625778758,16,1575865.0
0e0e9bea-4b0e-3b78-8abc-29c7cf746720,-118.75141806393172,34.15745283302331,16,1634562.0
a9bd55fe-f4a2-3c35-a8eb-560fdd44de2f,-117.9555211404134,34.13692146903466,19,1734180.0
fa6af2d2-7a7f-3505-add6-13201f83e9e7,-118.43209822324282,34.325262724828356,15,1576274.0
d0d65ef2-6c72-394d-88eb-027f6de1ac6a,-118.52971648458264,34.25419792179802,20,1751131.0
b85407a8-21d7-3c78-b80c-d09d90f6fdc7,-118.37640721131072,34.07566136549864,15,1412760.0
ac001407-276b-3da4-8e2f-dfb11c6651b3,-118.28247107598622,34.17046386005273,16,1580635.0
9c4fa561-a285-3b1b-addd-50e713b8a9bf,-118.34649690549224,34.10304635656695,14,1549563.0
0509dca8-3ec4-31db-8a45-99ca94220e29,-118.2337315066102,34.10152543353215,17,1500681.0
fa4399ef-a489-3abe-82d4-2b858fd8a087,-118.44508174491824,34.194807615447495,14,1299060.0
de9dcfae-33fd-3896-9948-d280453d6dcf,-118.43550741609172,34.01366411363283,17,1757152.0
545ca8c4-d9aa-3d03-a18e-253add1e4ed4,-118.26095595631332,34.1098160140243,21,1759200.0
2a3ffc3e-a54b-3716-b4b4-11c94abe6edf,-118.56552841358236,34.223537672817145,16,1581152.0
f53443a3-07be-3090-953b-1bfaddf5ac4a,-118.39816187853305,34.27786224379861,14,1475691.0
036a7d54-bc93-3bbd-ae36-202e8f596d37,-118.831366379805,34.21805172527358,17,1742132.0
00dbb0e1-3415-361f-8ef6-e76b31ef0ba7,-118.4794107471258,34.01629998777934,14,1559970.0
4c8d44a3-c614-36ca-9ea5-715f1b9ac007,-118.3224513793458,34.19483833912348,20,1581678.0
5d072cdf-6e1e-3cfe-a3b5-cb3fa579f9ea,-118.44417736294064,34.427467429600405,16,1752243.0
e6c6767e-cba9-3dc3-9118-bce219481c2f,-118.05869097889752,34.104511594674136,21,1671300.0
3226c360-4441-314c-b8da-f9e646ca0dfb,-118.62055851884632,34.460423139257415,20,1755818.0
96e39265-9610-35ed-b10d-6740a2241a1d,-118.54284045130407,34.378020657716114,15,1592210.0
6dfbb5a7-f009-3923-96a0-563c00085e28,-118.34808696245383,34.10077445548188,20,1767290.0
baaa6f22-a626-34d1-8ff6-1208d4f5e19e,-118.13986305726036,34.0943161131026,21,1672932.0
f024be60-d5ae-301e-990e-c534cc9acf19,-118.10560603262816,34.16902852791092,17,1723975.0
fc049886-0632-3760-8681-8c6df20280a8,-118.2100716891182,34.11483691472733,14,1498870.0
eaa54085-9fd6-313c-88b5-5f2b8972f4f6,-118.44941504267425,34.41568303266329,15,1384140.0
f7a7cc48-3fd2-3eb9-815c-2adbda667cc6,-118.4234276356198,34.45521337740551,17,1721637.0
42d2401f-f109-3049-8966-f69b90095d2f,-118.25357392867568,34.23388722009656,21,1763220.0
68cdac98-953e-3e5d-bfff-7c88a697e552,-118.5930168252677,34.21326457154402,14,1219231.0
4fcd2939-9541-3fe3-837e-ce52600a637d,-118.59572783751646,34.15551828783072,16,1556400.0
d1cfd790-8fbd-3e7d-8e31-2510bd87c3d1,-118.40392317004743,34.16688000391517,19,1679677.0
a23cdbee-1970-382d-ae81-7bad3713211c,-118.14709010945386,34.50726465701629,14,1551535.0
3030c1cb-6bea-3b0e-a461-fd26b76a902f,-118.53299334259935,34.22530138241523,20,1677478.0
60405d3e-0f29-331c-b558-8aefa81746cc,-118.42026275843922,34.30015174060737,21,1736520.0
1aa935b9-5800-3d7c-8bbb-e4e5963f7596,-118.30168278454693,34.185140928715334,21,1750743.0
b8d6dcac-7e35-3012-bac9-111b842a961e,-118.2925391918835,34.26143751926126,18,1588622.0
93289d03-9780-3a66-87b8-443ebd512206,-118.15166114438966,34.164997759292724,16,1560730.0
fba50672-074e-3044-b78b-455f74a6b46a,-118.14531265146032,34.09651995169385,14,1054617.0
94c764e8-ba97-3dfd-8aa1-b6048e053dd5,-118.55816194609304,34.1771919612153,15,1571059.0
e6de4d1e-36e3-360a-9a7c-b835e2987520,-117.93369038681286,34.07486304643828,21,1665837.0
83ae1884-cca6-3839-a7ff-6205b1852431,-118.49778795792352,34.076045177642484,14,1745995.0
2ac418ef-dcc5-3c46-9b7e-9d6df491d5db,-118.40820156181822,34.261064857669496,16,1386853.0
6de60bac-d057-339f-8d41-80cdd0ff050b,-118.53435161445562,34.21040567962615,15,1591322.0
cca5e07f-e931-3478-828b-1ee99e37fc2c,-117.88941040418264,34.089620946109875,19,1754518.0
60ea22df-4b88-3850-a242-6d3dc37ca0ca,-118.55679893181455,34.39768154584629,22,1752360.0
4073117c-f0c2-3bdc-af5b-82e9b10871c2,-118.46790023624864,34.446121067288836,14,1469377.0
1be22df9-f33a-39ad-abdc-9e4c7567da92,-118.158342588775,34.137880845258515,14,1664454.0
37779f17-6de6-397b-b771-1d334067585d,-118.32732386084882,34.263320137596864,19,1585733.0
18c78513-e02b-3e18-9139-7e0dbb85dfe1,-118.30606424191022,34.18779969579688,14,1058550.0
b4e46a53-c5f4-39dd-88c3-7d4395fcd87c,-118.43908359696869,34.19307461653845,14,1649531.0
3463cd1d-4073-3323-84e1-87e30237ee4e,-118.61803317833127,34.49877847402398,19,1673653.0
594c6700-b100-38da-b3df-8bc400658b17,-118.1597542628732,34.082406404467264,22,1757584.0
f7abb445-6b12-3f38-bc91-602876684cc2,-118.56354596440583,34.46792857419269,20,1577663.0
a6f159a8-df3d-3335-9297-3c8d22066831,-118.26701490382531,34.15258869991586,18,1645620.0
dcf8a427-28a6-3111-8736-c61625401023,-118.44508174491824,34.194807615447495,14,1630078.0
e70dfea6-7e2d-3b95-8f92-a14e76121c10,-118.58010567549384,34.277454387511554,14,1648267.0
429386c7-4c6a-3c34-92a8-925292c197ff,-118.30559810402252,34.263102632278994,20,1561129.0
588a29a9-8064-32d7-9708-e23b8739de3d,-118.4407223561054,34.033893200808016,18,1405091.0
970a1fac-d1b3-35d4-b937-094f5acd5e5e,-117.94190774618802,34.08291684636553,19,1724803.0
0ee80857-b853-30f4-b718-69cf9afdefae,-118.24119834550238,34.130307674672466,16,1574590.0
92fd261d-f7c2-3c36-ba82-75cb75573af0,-118.2240088285482,34.1038772065377,15,1300376.0
3754bf00-58a6-37cb-9dda-f184688bbb1d,-118.63252909740802,34.207785418812314,14,1750384.0
d81a9af2-f107-3da0-b6d1-88d0bf0691fb,-118.45234693580976,33.98506022939742,17,1390242.0
0c6a21f8-7253-3423-a303-f353790104db,-118.87263743214608,34.17008987596553,16,1676723.0
0afb32eb-912c-31bc-bb82-dac5675d2ffc,-118.40186565873702,34.17366677530047,14,1382233.0
7b4adbd6-e746-3338-a7a0-5f34e87465d1,-118.40684490782893,34.114093000245546,16,1730040.0
9863b55c-3a12-3f75-a95f-f9b193ff229f,-118.44522021779473,34.20292179063851,14,1664185.0
dea0dda7-8b37-3835-ac98-5772af9fd237,-118.63110791767508,34.49905543148235,15,1653661.0
0b4dedef-4dc5-394d-9b8f-f1bf3eb81545,-118.77583482462124,34.158003625716375,21,1756989.0
e1c22bab-9d8d-3dbd-a9ac-a53cd0b1a4fa,-117.8463290422317,34.117431392171305,15,1293774.0
5e7f6d5a-6bed-3f0e-b9e7-6140fca64fde,-118.55679893181455,34.39768154584629,15,1653780.0
78fb6c65-04e1-3e7c-858f-efff855761a4,-118.44961261617809,34.23758743368477,14,1740255.0
545dada8-5910-34bb-a43d-036e9080fc38,-117.8446220033017,34.10932659561944,17,1759151.0
43c9b073-205a-36f2-a0fa-2e8494d7c88a,-118.30019462118712,34.300132443578285,15,1733423.0
ff801f2d-b419-3b70-9a04-4f9565c87a53,-118.36128120380768,34.17998525773945,18,1749995.0
32d7add7-0256-37c6-8a9e-d94218389ad2,-118.55679893181455,34.39768154584629,14,1374240.0
193de445-3968-39f8-96c9-d80b4ea049a2,-118.12037155094735,34.09584814847871,14,1738235.0
95dcacff-488a-3760-ba6d-592afc709863,-118.59425076738384,34.393592332276846,15,1757275.0
d0222b3f-fd37-3a5e-89ec-1258f445f417,-118.43624894925227,34.15388123081318,14,1408538.0
53804dd8-aec2-303e-9575-4c151c93b47c,-118.44966671561782,34.240742919227564,19,1758445.0
8bc901ec-0c4e-3ee3-9677-53db38d99d6b,-118.82743229674966,34.211798591556686,17,1763790.0
d7e4a7dd-1d3d-34fa-9509-82beca925967,-118.29560811905772,34.035959065219,14,1068291.0
244c527f-da58-338e-8002-403bc097ea2e,-117.84081414401965,34.10799996222443,19,1668430.0
aabacc58-e95b-317b-befd-bf304e64e02e,-118.38361616713824,34.185596902083134,14,1069815.0
81eefc43-f011-39c4-9919-db99b15edc1f,-118.27965364086889,34.05551488374517,17,1326605.0
113b2987-dd39-3e9d-939d-c34e624f459e,-118.26328483132488,34.12061359824191,16,1766712.0
dbe86582-26bb-340d-9214-5da494b2b358,-118.39815404357076,34.01409448339969,15,1555740.0
83818d19-39c6-3289-a9f8-6db17830dd14,-118.53996453743343,34.28021982769815,15,1726860.0
cebd06d0-fe3b-3e02-895d-0f9daaad9292,-118.44194187218864,34.201607742186034,16,1564328.0
070a2740-f948-31be-8868-8767082a62b8,-118.29792667975406,34.08147532934696,15,1702633.0
da9f31a8-1691-3a3d-a049-c91dfa3be867,-118.55679893181455,34.39768154584629,20,1740000.0
1deb7666-da6e-3d1a-bcdf-878780b9e1a9,-118.52000172435142,34.19705821629191,21,1758160.0
64b8868b-f50a-3307-afce-a8d178ff5b85,-118.46193271018748,34.22797276620434,16,1572316.0
78f88484-be79-3b72-bc70-9e84673ff09f,-118.2375019820733,34.137108440073476,19,1737180.0
1567e9ab-38ab-3408-9f14-836dbdf3c4a7,-117.96257583007126,34.089520403337346,14,1501650.0
ef65782f-7184-32a5-a02a-46d4c3d3768f,-118.4521252371462,34.22583493711253,14,1074679.0
5e10f98c-a8c2-3700-b10a-ddc6550db36f,-117.8456040078734,34.15350980432459,14,1668986.0
1a976e6b-f422-3f06-a5cd-21990fa30b21,-118.29133614169923,34.2537851601854,14,1124504.0
2978e481-e970-3d66-8b5c-c2c4a1815406,-118.4356022187164,34.307637734256254,17,1733452.0
44fb2677-e9c7-3323-8834-558131ae049f,-118.68578544599004,34.2931782943305,18,1674276.0
4d9e55c0-4c9b-3a3e-912f-bb7c84910260,-118.64640704612968,34.19587747288646,14,1639672.0
7c0f416d-f944-3609-aa44-b9bc10de9bfb,-118.23310562041549,34.13309460292205,16,1654522.0
2f06bade-2bc0-35ac-a40c-9321fa8ad82d,-118.467353544156,34.00787756071385,16,1673098.0
49dd76f1-6f80-39bb-be22-99bce36cecc6,-118.29623048238918,34.1833950982037,20,1740780.0
72aa71c0-b97d-3963-b8af-f95be1015907,-118.227781125526,34.21475990695357,14,1727813.0
b34f4082-cf7b-3efc-b9ff-f0fd647402b1,-118.23827196624391,34.18985536570724,18,1641180.0
14a56586-6605-3a6a-aa6e-ee8b3ad8cb57,-118.45706323641,34.197371142358605,15,1500241.0
14d92f5d-869e-3c52-8db7-37d19c94dbf9,-118.52016477131112,34.296698287293594,17,1765928.0
7c7f4122-13a1-3d95-b1c1-15013da09ba1,-118.07634343525758,34.128707190226244,17,1489055.0
ed94e9a6-779c-3dc5-ae76-125667da7054,-118.45021128172654,34.209175159689785,17,1578753.0
a1128377-a830-38bd-8871-06ee606c1118,-118.33574383403558,34.039587608672086,15,1297776.0
64a6c9f1-0a7b-3134-9fc4-88f4e1b14e13,-118.31001311166972,34.092168541637726,15,1155785.0
a2a2f0f4-30b1-36bb-9b80-bfe977b594f1,-118.02312412862024,34.076856436888896,17,1382906.0
175bdd24-41b0-365c-8efe-f4ddfd02a635,-118.59856744717668,34.27721489941345,19,1753382.0
8f499ce0-8644-3818-b540-290fb397b472,-118.4009870602937,34.120472387650544,16,1586733.0
7ab7f03e-a4f5-3e56-871f-2db996ad5135,-118.43502430051076,34.04929009640494,17,1330150.0
bb39d09c-a838-3935-a5bf-c4cc91cf61c1,-118.40458500124068,34.17408655919932,22,1767174.0
f715a5bb-5c1d-3e0a-ab4f-aec7721e1f06,-118.55240244064622,34.188536748621644,16,1335193.0
8d9b30f5-794c-3dc8-a36f-88a01d614be0,-117.96807205593372,34.096240943646684,17,1660440.0
8ece2e9c-d8e1-3aca-9834-16ee8860a0f9,-118.19961289887188,34.21864582541901,18,1738380.0
386571c9-d4f8-357a-a79a-43e6bde87325,-118.30075287212809,34.15990094627839,18,1761914.0
da338dde-96be-3bd7-a4e8-2517355a7156,-118.60143084482146,34.170322660482185,14,1670844.0
b1134351-d500-3536-84d8-cd0f382722d5,-118.4425369140376,34.268330371229126,14,1664261.0
108fbe09-9c43-3562-bcbb-43451feb6ca0,-118.0616650121361,34.16896563557528,19,1752495.0
4e9d6255-532f-3584-861e-e065e776526b,-118.57623112590956,34.38976815530162,17,1732829.0
85194d4d-3371-330e-826e-9cb145377c44,-118.41557699381586,34.27991665313091,16,1467000.0
4f053df7-7d37-38a8-a3fe-744b67b49bd3,-118.64334497863057,34.17788400310416,16,1242636.0
2cf69fdf-9752-3f0e-960d-97a9160a802b,-118.46507951631088,33.97002982047817,14,1550760.0
c8004368-0c26-3a92-9d38-25bfc6b7dd48,-118.18039427926746,34.085817072642165,17,1650397.0
6b6d8ba4-9be5-32e0-8a19-cf1e71dc2102,-118.25724065802004,34.15178741866217,17,1330107.0
5ebdc200-a01e-3202-8476-b446e050c52a,-118.5493335368148,34.05015673192901,16,1244921.0
cd3baa18-2826-3905-b9f9-975a8d8052f0,-118.53301453010307,34.256411051567106,17,1747422.0
979fd865-a007-3779-934f-86a596007601,-118.25940310555616,34.187836688983346,15,1742340.0
9693e688-0cb1-3c40-ad1c-9469818519ef,-118.75597017299438,34.167757449186176,15,1326502.0
fd795fce-bb24-3bcc-ac4c-11a8b8398d67,-118.47194368111084,34.39737948036281,15,1749017.0
d5940630-9419-3506-97a5-7bc38b44dd1a,-118.85031651423247,34.19116742556402,15,1662068.0
5d29da9e-f8a5-333d-83ea-f2a9e5f4e5e7,-118.50622149576888,34.36765624827365,16,1739066.0
8806a1a5-204d-3a8a-91b1-875240c59486,-118.46819221508645,34.400580602848116,18,1659464.0
7ef6daab-338d-347d-be64-776f14d9e594,-118.30581854758869,34.066061218198755,17,1317252.0
aa1607cc-25ce-37af-9e11-05a2adbc20e4,-118.43122570304884,34.04888349816577,17,1568620.0
e4aee6e9-c054-3921-b79f-5e8a14d88cf5,-118.36002477544318,34.06772772010018,16,1749898.0
51daab15-1551-323c-8893-25679d6dcd7f,-118.2751921761662,34.04699414944685,18,1734840.0
e0857467-589c-378c-a343-1aadd0f47782,-117.88941040418264,34.089620946109875,21,1662073.0
c3abcbaf-4f1c-37d5-8624-e02917ced9fa,-118.50620149390026,34.21436163393381,15,1723564.0
32bebd0f-2ca4-3b09-868b-963a9790ca83,-118.37204810250256,34.04054045418317,22,1745158.0
3e822201-649f-399c-b1ec-a9ae5931fe9a,-118.12694560044278,34.18281233649382,18,1661945.0
5c58cd19-66e9-330a-80a2-3cb26895a413,-118.20657478182044,34.173938973451165,19,1582864.0
f85c10e5-ebd6-3749-9c07-77da4402a653,-118.58035039746612,34.290526227152824,15,1731182.0
e10e1bc0-8b06-39c3-a274-9166f4c3088a,-118.56222932351018,34.42646700823705,17,1321718.0
75f16eaf-53a1-3693-b80f-05874371cc4d,-118.30737443007666,34.06153570283875,21,1729260.0
162c7746-6412-3e65-8664-1c642da3b79a,-118.30737443007666,34.06153570283875,22,1757640.0
914134d7-f26a-32c0-a6bf-3dcbc4d1a3e3,-118.27362366495522,34.159283697275065,14,1396959.0
ec677384-2829-3723-97fe-4b4675e0ef10,-117.9555211404134,34.13692146903466,22,1758240.0
6cca2725-ae00-39d1-a9fd-d4cb2bc562f2,-118.35644988788177,34.18319496671952,18,1754229.0
4f2697bc-5827-3221-8091-94af84c3925c,-118.25906821424194,34.165295499533684,16,1241005.0
b7aa102b-58c7-3a2f-ab01-f72ae071e828,-118.44647165136936,34.24438766179669,16,1662389.0
908402ad-a419-34af-810b-e2b3bf1908a3,-118.15166114438966,34.164997759292724,14,1565049.0
10494f4c-c432-3721-951e-154addd24d96,-118.00174839287496,34.148276650596316,14,1650960.0
a51534f5-f2fe-3c82-8388-511544ee2cc4,-118.44550542023264,34.15602696580656,15,1653360.0
13143ec2-31c0-33f3-aa40-9bdf53841b15,-118.49048999161964,34.03059457029028,14,1217460.0
1e92c421-01ea-3465-a3b8-05e574d989eb,-118.07574486076076,34.16703940393244,15,1580868.0
0059173f-4a93-3e97-9a75-c1359c45afc8,-118.78957241902064,34.06357522805749,15,1630020.0
b5226382-7206-3fce-859d-1579e77805dd,-118.43231988741027,34.306323549572156,17,1669304.0
a64a5ae8-42dc-3093-b44e-7c9f50ea7877,-118.45833342621204,34.14505407406728,15,1700820.0
53593317-a130-3dd6-8234-3f9d2777bfed,-118.45123388417034,34.11042025725526,16,1474262.0
3f099e83-50c3-38dd-b194-ea805e4ff269,-118.1144208403996,34.17931952957606,21,1757773.0
b0eba990-655e-3394-b681-c3190424fbe0,-118.37797182692373,34.205499291321246,17,1330124.0
23e3ee64-7a92-3893-9327-77baa3ac4f42,-118.87382752301684,34.199376488998475,14,1475257.0
362d6382-0267-3a89-8a47-35f43cdce30f,-118.25936337092216,34.112086840753136,17,1585077.0
f317856d-61bd-3db6-8712-7c669f93865f,-118.03330547240164,34.156582313873415,18,1742233.0
e5ac149b-7bbd-3221-8e01-e2cbb68249ec,-118.5819576546722,34.376168585038336,15,1473907.0
e33cac0b-6a6b-3abe-8e95-5fbea1c09961,-117.91954834927492,34.12006139742728,17,1334108.0
aa5b3a00-6fc2-3819-8ddf-978daebcc3d5,-117.9954799345289,34.07618167559794,16,1637900.0
b4eef631-0daa-3d65-96a6-16be3b7f106e,-118.35212784734128,34.15032792442768,14,1724306.0
427e3720-9aa5-3c57-a2ae-c5aa0a772327,-118.07847048239186,34.08269587451929,16,1755606.0
cb6fa51e-5370-3811-a3c8-1e90e2124d40,-118.46331409485312,34.15085624250712,15,1576778.0
7627487f-8f2a-3d0b-82fd-2002cd42bef5,-118.09597844889566,34.09561729514371,20,1663023.0
de998ec4-0f49-3d3d-bc6d-76b88886c5c2,-118.76556386927808,34.18565391033845,17,1752807.0
90d216c1-f1c6-31d3-99f8-a94b80a40b8d,-118.58892162966752,34.22639280559112,18,1759738.0
c850bd6e-4dce-3ba3-9139-074683213a7e,-118.07956564778216,34.083588076379485,20,1762273.0
e0b8cff8-0deb-3dab-8069-aa80c1240fdb,-118.55842962214886,34.25068011892277,19,1580900.0
02d69644-aac2-38f5-a705-c5d3f6263380,-118.70495153446332,34.139171072606736,15,1660552.0
81c6daa9-7c21-36ba-8445-6b71d9da5ef4,-118.16950742821018,34.08231395316816,17,1727703.0
6d16e760-d15a-34ae-91bf-000b9ad8a879,-118.55679893181455,34.39768154584629,19,1587840.0
87dd2adb-d5f5-3dc7-ba88-9b275f2a9dd9,-118.44223108473244,34.1867253450297,17,1321350.0
89fcf0f8-63c2-3a71-9b2e-79cc1d802f05,-118.8001150584699,34.20318570172572,15,1736843.0
03ad0bd3-99b3-3a29-a8b9-ccd450208c4a,-118.49575076229377,34.05262404963678,17,1657474.0
f0651882-31a3-3b07-9a1f-baa68ba4b582,-118.45035528546414,34.280862515566746,15,1696627.0
a9c2c66a-4b2b-3004-87c0-18840a6041f0,-118.26450846501125,34.09354718064038,15,1578135.0
e178469a-8487-3de1-9db1-ca49dbfd1fa4,-118.23440441884485,34.11053665385393,22,1758772.0
472dbc8f-4b39-3cc6-81fa-258b6d8581a5,-118.59943408521517,34.208221519134284,15,1718880.0
fc8bd253-531b-3cbc-9bfa-d62c0ac3bbab,-118.34385887927924,34.07331630798188,16,1330845.0
72edc182-823c-3ba0-ba6d-e9c84e497607,-118.22230227445814,34.211207497653305,19,1678802.0
a9311892-d1fa-374c-acec-40bb73db300b,-118.45833342621204,34.14505407406728,20,1764360.0
e6cc2c7e-6475-393d-a606-8827ad146dcf,-118.45487748469252,34.228056687829124,17,1494598.0
7aaf9612-642c-31b2-a035-2d09f50e4247,-118.1424149574689,34.20341060695464,15,1326422.0
e26ace9e-59ab-3bcb-9ac3-f5028bc69cd8,-118.62305254586734,34.44866802436557,22,1767353.0
8c103317-9559-37cb-b0f9-5d87037a1995,-118.27432231616564,34.133575506451535,19,1733700.0
f5f5e643-77af-3c11-8e68-350b1ffaf496,-118.4054194039036,34.25703890267104,16,1567061.0
c852642a-efe9-336d-8ee1-d2e3ed036f83,-118.32213981048658,34.070395659983454,18,1661118.0
f38fd7d4-3730-36a9-9112-780864de382b,-118.60694394893191,34.28927853658081,20,1753056.0
44482128-2f11-348c-aea4-afe7bcb70fcc,-118.00819858561276,34.0977218248465,16,1754072.0
56029975-ede6-3206-8efa-23ca516b70ed,-118.57277368371736,34.20450852198101,16,1723260.0
88049aea-8391-32ab-81a4-22aaf3f137bf,-117.91984642287623,34.0975133513652,17,1330194.0
d21d1000-5aa7-3b31-96a4-f26bb3b45f04,-118.44508174491824,34.194807615447495,14,1563173.0
e22a352b-7a62-30ed-86e9-834c5df03373,-118.56854139704244,34.443969448928925,14,1654035.0
be08cc76-e46e-3340-8693-c8f1db0ea0c5,-118.12586429683112,34.14224111553743,15,1470780.0
8b0cbc2f-c36f-3e7a-b811-057ded2651a9,-118.38891841778556,34.14495737915755,14,1561314.0
2501dbe0-5dde-3785-9702-fa698376091b,-118.55679893181455,34.39768154584629,15,1744020.0
890f8556-645f-396e-a9b3-b4fcfdd382b7,-117.88940568871558,34.08917006116458,18,1736516.0
a98178c6-bb40-359d-910f-ea81ae3d9852,-118.50436766853814,34.23332076787837,15,1389895.0
63d98874-f008-30b9-8130-9aa5e7490e7a,-118.42957561961124,34.240527987662205,17,1494827.0
b1459a5f-f767-31c9-b7b0-7e35035cf59f,-118.1383960707596,34.14663456779884,17,1762980.0
e3a9d606-b693-3217-9e85-ca1eb791fa41,-118.49504456003538,34.2893427109488,14,1400213.0
7964bfe9-8156-3f70-a10a-1e274d617896,-118.25357392867568,34.23388722009656,16,1549009.0
944b2537-e9ef-308a-8473-e819216916f4,-118.3374413737683,34.21631831485493,14,1498094.0
cea0917c-0d30-3861-bda6-6aeba5af9274,-118.51910627614342,34.47885870241591,15,1652947.0
d8c8cb98-e6a8-3ff2-8166-af41eea9f364,-118.38212513161103,34.02735163771486,14,1763085.0
d0a6804e-453f-3cd3-9ec8-150453db161c,-118.47470622587116,34.30672226044048,15,1744307.0
33d0fab2-e45a-31c6-9130-ce7b6ccad276,-118.5026373852166,34.25813987166313,20,1762800.0
b2bef02d-f75e-39bf-8448-5cd27f4d2de6,-117.8742276152717,34.14158547826259,17,1329232.0
4d5464b6-4107-37df-8ca9-57d509925802,-118.52184421522816,34.47972633912044,14,1755214.0
3bf6d64b-376e-3f29-932e-6a373d494e1e,-118.37724094200858,34.093687660952945,15,1755326.0
58b0943d-5b27-3cb4-835a-6b618d9f2dd9,-118.26026765398898,34.06338050697457,15,1160634.0
93bbed79-4052-3e42-a460-4d27726427c2,-118.4297268574002,34.15305561589171,17,1480500.0
39e13bc9-fd7d-33f2-a802-ecf5a514e019,-118.481556957691,34.232696807075655,17,1668081.0
2c34c2f6-9183-3953-bb52-4ae3ebba8061,-118.17112674422336,34.08184762388831,15,1498362.0
8d2409a0-52cf-39b1-a83f-4ebb0bd53668,-118.26095595631332,34.1098160140243,19,1748400.0
325038ff-f759-3019-b131-946a2a66cd20,-118.28247107598622,34.17046386005273,16,1744500.0
bb24cb57-bf3b-38fe-afcd-8d0db0d284f5,-117.9555211404134,34.13692146903466,14,1730400.0
4f5f54fd-3f08-3a84-bbd2-782909377e3b,-118.46291881452758,34.41011189956745,16,1760986.0
05c18e9b-dd50-3ce8-92ef-463392291bea,-118.11580189481086,34.11933685859033,14,1559884.0
55b1e367-e849-3306-965d-9c5ee8d9ea45,-118.1547017907844,34.50629119249386,15,1486057.0
61dfe004-7d38-3082-bea0-ca83611b9024,-118.15685281697108,34.10813531924055,18,1750380.0
903e5ce5-5cc4-33f9-808a-de912481f0f1,-118.46214823857213,34.20903342350325,18,1663881.0
cc9c9939-2067-38c2-b0b5-ddc3f721df47,-118.13302753908694,34.19132341339222,15,1333169.0
5f321644-a81e-3d58-960d-63d841f61052,-118.4297268574002,34.15305561589171,17,1555140.0
b4665d69-f636-3e07-9b9d-9cd1486d8fbd,-118.1809217755018,34.20169323120812,15,1468378.0
fae2b33f-ba4d-32d1-a908-f01079268f02,-118.39888189037084,33.99244324447208,21,1735080.0
a56ad601-1d25-33a3-8ba5-088199a1fcab,-118.28194914645718,34.171821988052926,15,1737671.0
755e7eb3-37cf-3961-a431-8f22c57a4500,-118.23199785815996,34.20615067285732,15,1213837.0
5d270df0-3694-34e5-9094-bebf19ae3e3c,-118.48636937688671,34.413436036264244,22,1759055.0
25e777d3-7e33-372a-a811-ee7f0a54358c,-118.0259583555966,34.0872038012361,17,1385241.0
762384a1-f612-3383-b8ba-c25b0aeafd3a,-118.53736411818156,34.16708425516607,14,1571400.0
90c90872-e848-3235-9bba-c3ca40fd2526,-118.42405260166956,34.10577871293902,14,1654779.0
b26aa80d-5000-310a-a835-91217db00d16,-118.21003073355328,34.15000741948089,18,1736820.0
ba65ac8e-d47d-38b3-9896-b80b04e2a2b6,-118.2819766773969,34.24531657683469,18,1735777.0
ed6b21e7-23a7-38cb-8051-bf5fbf673eab,-118.1383960707596,34.14663456779884,15,1639440.0
69a67461-c0de-3028-aa39-3a7525f770c5,-118.32586288960542,34.03112751509411,14,1726261.0
11639106-946e-3072-8fd0-d027bc9fe90e,-118.54718138917812,34.37751498510962,15,1763509.0
df6f817c-84a8-3a64-8628-eea87914f3eb,-118.40019097291054,34.40002530401712,17,1721382.0
edd74482-c8ec-327d-a31c-541509812cc9,-118.55679893181455,34.39768154584629,15,1385400.0
743d0039-9943-3ba2-8caf-f9d46b5985c0,-118.43092027485616,34.127341363222335,22,1764980.0
8651c62c-97fc-376f-83d7-d3cba6e832e5,-118.49076888581575,34.44674604130007,15,1629860.0
d2834a4d-d6a0-31ba-87e8-a62d30c54936,-118.54337026004993,34.25853541141632,16,1468224.0
52a2045e-ab53-39c1-8181-69c39c110366,-118.44753769469985,34.306595508696745,15,1767312.0
d97b13b5-67f1-35dc-abda-296f012bb44a,-118.40277418117324,33.998711453072325,16,1563684.0
7b62ace4-77d3-31fd-a7a4-fb96b1e68e7a,-118.12586429683112,34.14224111553743,16,1648740.0
c8f1a283-649a-3660-b411-3843e57ca854,-118.54529546547047,34.45238087114733,20,1757778.0
23357717-32c6-3d72-876a-3b7d733fd773,-118.50342887406518,34.027280824712605,21,1735200.0
48dc1ce2-4718-389d-bc00-92b0c2755563,-118.44038325721937,34.205683959471116,16,1470102.0
3286adb0-8526-3852-b0c7-74dea4ba0941,-118.44124867952694,34.06499835410275,16,1477440.0
cce26c69-5c99-3cb0-87bd-135db5894ec4,-118.5478369709296,34.41312438781261,15,1313370.0
3d6c9d0d-44a6-31b5-8f03-cfd1758a58d0,-118.43556813087244,34.01727053681235,16,1335025.0
9a5f35b2-af6f-37a1-9f84-d5f3aa76808f,-118.69075563731154,34.270116289223104,14,1506458.0
164a870d-991e-36fa-9acf-148fe3450cdc,-118.67592065031874,34.2888051276588,16,1574664.0
5b9213fb-8e28-3d82-aaa2-c9ae6cf04c2e,-118.09056939282029,34.180886548717574,20,1762293.0
567fa5b4-a14a-31ba-8723-adee673fa9c6,-118.52757763776418,34.25602807098336,14,1757575.0
da06124b-1046-35ad-9c63-d981eff18034,-118.53644010399093,34.38486407679157,21,1765723.0
1222b78f-779f-3ce9-bfb4-5fa4cc7a29f0,-118.25420580758352,34.09320190417467,17,1763892.0
72149e38-d19d-3bb0-831e-6fa80360b166,-118.01565371410368,34.13192965405092,16,1310916.0
d62ff955-ba87-3f65-b1f0-88555e5a76f4,-118.2103445050646,34.20997341009345,15,1481489.0
07071628-5eff-3ab1-bd71-a6850974649b,-118.84804733508813,34.211489625063614,14,1560304.0
5903166d-2931-351c-832a-42973fd3adcb,-118.86390535196703,34.192314203538025,18,1733875.0
c2d60787-4497-336e-a63b-6f12af1c1b26,-118.64640704612968,34.19587747288646,16,1653720.0
57bab4e1-8a50-30f6-9dc9-150cbb1733c1,-118.44905778531836,34.42650796674922,19,1736280.0
f11bf975-c46f-3b28-a4e8-191907f8c543,-118.62709557195606,34.48873953284725,14,1586845.0
8b664ed1-adda-3ab0-8cc9-f6801093f034,-118.1478340213846,34.16277911285063,16,1653748.0
5bf62338-7d47-32d6-a293-3e06de1bf51c,-118.4037347248418,34.28636515687529,14,1582148.0
8f8d3883-ab0a-3aac-bd8b-9eaa62b415e6,-118.44449001359229,34.16009685022275,16,1652241.0
6b6c7588-57a7-3706-9f53-2713422058ac,-118.54403671920824,34.26529001118461,16,1751551.0
a30470f3-e1f7-3fde-80f7-f83a4158bdad,-118.4271127720469,34.25543559444436,15,1639800.0
6fdc9483-faac-3606-ba64-b4a8f0a6c620,-118.00174839287496,34.148276650596316,19,1760040.0
b1294768-d054-3fff-bef9-ff1117ffab37,-118.43560713916897,34.21205225291725,15,1728324.0
a5f3f1c1-a2ac-3a40-9120-be282d1a8ecd,-118.35001606729224,34.222042013164376,14,1636171.0
5c22a6ac-fe4c-391d-93d7-11c84ce8848d,-118.59534163777404,34.25020521931358,15,1151846.0
2d821f2c-83c8-3913-b6b8-512d34aedd42,-118.32325347814646,34.037468202598205,15,1160684.0
058474ab-ca72-3454-9d78-606aa3023a8c,-118.53484849835633,34.17793670235032,17,1329496.0
daa9a395-d93a-3e53-84cc-2c8197e6af2a,-118.15685281697108,34.10813531924055,21,1741500.0
c49b1d5b-860f-3a07-8353-e9687ec630b0,-118.6268547867145,34.27954770626169,17,1415588.0
c1eb51b3-9c29-390c-87c9-3bfc057bba63,-118.4177928097713,34.25013324456624,14,1053344.0
a054f325-966a-3cac-86cc-c96076485598,-118.83732899919065,34.19271520265031,17,1551532.0
ee842cc8-4365-3c1f-8559-5ee5c699184f,-118.5120947544588,34.45234523756317,14,1491059.0
d819589c-19f7-3bd2-85f1-3ee9ce52d8b8,-118.47028194862048,34.302266762567726,14,1480205.0
8d5e7648-8ce0-3d7c-96d5-386e67f8aaa9,-118.10134291369704,34.17492859261147,16,1492372.0
10346b31-0f7c-3965-af75-38673018de34,-118.14832690367352,34.11903702110921,18,1564293.0
0103da65-9c65-3649-8dcd-031f6756e947,-118.4344051798205,33.980310904626556,15,1756541.0
66cc9b03-280c-38d2-9696-883c0ae10e51,-118.63838818531308,34.509327373699726,17,1578633.0
c04bb3ce-cca3-3242-9b57-d6b10f74f5c8,-118.15685281697108,34.10813531924055,18,1752720.0
46a257eb-add1-36d7-a09d-ade42787322a,-118.45432841890594,34.037790993572095,20,1753080.0
71c050a5-58a4-3da9-bdea-edd17fcccffe,-118.35728028285251,34.06550359678925,15,1642264.0
7573da35-7338-335d-a84f-f8b729e8fe2a,-118.31233669302942,34.172402539126146,14,1587882.0
7c380125-b8d1-336c-8767-eeb8d9bf0845,-118.23827196624391,34.18985536570724,17,1664340.0
775f2404-b1ed-3471-a9e9-34e3ae5fc8ad,-118.5193050180458,34.218708700753616,17,1743294.0
a374a95c-e41d-3dc9-959f-e60b2ce65960,-118.00007369316754,34.14423211879731,17,1331070.0
4165bfbc-315f-30b2-b932-0d97f7ab5666,-118.3047534863048,34.1025951054833,16,1670135.0
95ec5113-4037-332f-aac1-6cb7a29bb99c,-118.19961289887188,34.21864582541901,20,1731480.0
ca445a82-8c0c-3c09-a10e-534a5a1e3c8c,-118.44478591013134,33.986051046318465,17,1312224.0
5f4f1357-5380-3e6e-ae8d-81bfec7a9a0a,-118.13186024575994,34.103859131898155,17,1330978.0
92452f7b-237e-319e-8bfd-ea944bc06b0c,-118.59501726551036,34.20422125053553,17,1385891.0
2fab0ced-246f-352a-b4a4-06d5cd55c7b1,-118.7291086214002,34.2601131860892,14,1314560.0
1bec0e5a-941f-350e-b013-db0ed2f76211,-118.13239021794315,34.10295243613561,18,1674957.0
007dcac7-4f07-34be-aa3c-de37aa59c29b,-118.2923943920286,34.25197046625813,16,1565565.0
c9770c63-5370-3ac9-87b7-237463425420,-118.50677316417834,34.36810031876668,16,1318996.0
27e88a02-e4e0-3ed0-9a5b-534b2a07c27f,-118.55164259949817,34.23588761824491,14,1673128.0
337aef24-f321-36d6-a744-4cad33405ddb,-118.30431383750856,34.038572405770324,17,1373181.0
e74b77f0-ecde-3df3-bb0a-e2026f9ff507,-117.85562225928138,34.12503260954988,22,1751760.0
0319d076-3f09-30c8-9586-c419f6ed0967,-118.45634244893633,34.187009513519385,17,1317452.0
28316c5b-77e6-31ab-8706-fa7133b6a0e0,-118.50631156779453,34.46368803548791,14,1245352.0
98ef123c-dfc7-3511-833d-1a179e653dbc,-118.52581879709749,34.248836086845806,21,1758764.0
2f883c77-83b4-3d8a-abf6-9f11d8e639c2,-118.42498182667688,34.031822204259456,14,1568278.0
c727ff0b-7154-3d7f-8528-4642033de2cf,-118.14371110292127,34.098338494374374,17,1764986.0
67fba159-d6a4-3992-a58b-95ad8be86f3a,-118.29324233473396,34.094149828747184,21,1730336.0
30a043d8-0875-347f-8c0f-a3f14a0d24a8,-118.42314676059188,33.954289699961066,14,1640585.0
d6971f4e-d5b5-3d2a-9391-40918d00894c,-118.28247107598622,34.17046386005273,17,1550470.0
1ee2b9e4-2dec-38be-a1d2-99a081a15db2,-118.026767046675,34.10929171760202,20,1748865.0
9f8f3cd8-bf51-30fc-b861-925a47635027,-118.44508174491824,34.194807615447495,14,1558440.0
5948c4c3-3d58-341a-a04b-745ae40ebfd8,-118.630050811603,34.21999167650371,16,1744380.0
f885db42-0c34-39ee-93a1-a3beefa4743e,-118.42625719101017,34.17248391186943,15,1577578.0
6d1720a0-1334-30f8-8d4f-6ddfe8f2c519,-118.13719565130285,34.097497174876985,17,1745664.0
21403a5d-67dc-30ee-8ddb-9a40198cfba4,-118.2931263386467,34.05086488203354,17,1742823.0
806b6b88-3a47-38f2-a9d8-0f0c533f11ae,-118.24566760566732,34.10230676019467,19,1737448.0
fdbc40a5-dc6f-3f37-a8f5-71183f52d089,-118.27173767976232,34.06957493784242,17,1737501.0
408797ab-f06a-39bd-b02f-ef37364fd527,-118.26859103258968,34.11289366073828,14,1119464.0
77b35dfe-ce57-3a4d-8237-087e4625df28,-118.45075387248114,34.2091687423254,14,1042614.0
f0260903-4773-3b86-8be3-f6fe21a58dae,-118.0303090932304,34.13316027780345,17,1747059.0
8b43d75c-9fe4-3b58-b0f3-8284f62a9516,-118.42594606664116,34.314964487522836,14,1470952.0
67d1e266-611c-3e4d-b1e2-894ed2c16434,-118.32561919898234,34.500047349554926,17,1567365.0
9d07793f-66d0-3715-8d07-ff64a66e67fe,-118.28218015728298,34.079386181527376,17,1764573.0
b79ad554-d30c-3027-958b-a7316388b773,-118.33264742874478,34.49681482579916,14,1556937.0
f228870c-9017-3761-8569-2935bc30cf07,-118.41783818387822,34.25283797873524,14,1636082.0
4228f391-c535-3993-98d5-6038d1e09544,-118.56282725715415,34.07703859035724,14,1741860.0
706543bd-7983-356d-87ae-9884a5651ba1,-118.598185516688,34.170815842981256,14,1575292.0
97863a0c-47e7-3abf-9ecc-ccc937a04736,-118.46507951631088,33.97002982047817,18,1582200.0
85d7ed0d-5fbf-393a-a430-1885abd37b3a,-118.49446209104946,34.256436353878414,16,1737038.0
1c5f38f1-4082-340e-9132-d71dd93857ed,-118.42755156740314,34.21710595172102,15,1559154.0
529e1ed7-1446-33cf-8c7b-4f35d41177ef,-118.44298710508626,34.00771498555624,16,1647536.0
f23142d1-e4ed-3001-8ec4-b63a43f5b56e,-118.027009486663,34.08448954374276,14,1750720.0
cf27fcd3-a5d2-32e9-8cd0-534b26413a9a,-118.14407400002013,34.165519624606695,17,1325055.0
8237d762-e36e-38aa-a72c-2ffdda07902b,-118.27439911828267,34.066391071009356,17,1759843.0
ef957a04-9fa0-39a7-b536-17e67ef0e195,-118.29974115416456,34.20004084313016,18,1762320.0
e7a2c1fc-7834-3152-8f8d-022a1341f4e9,-118.5988621479533,34.14916532221703,21,1649423.0
d244f1bb-aba5-3bc9-a579-d2403142831c,-118.58949048380931,34.19888260295264,14,1229680.0
e6dc82fe-d356-3abc-91a5-766d3c5488d5,-118.13847721288032,34.19307655609677,15,1645658.0
dd6a607b-684c-3204-a39c-0e42f81c8b9b,-118.51740379269202,34.173194080595415,18,1745324.0
54b5e02c-3f5a-3a52-9507-69f529366efb,-118.42432259780146,34.18648369525899,18,1742598.0
7f3d9b76-836a-3530-84f1-e915320c831f,-118.42198875486687,34.20905476540424,16,1650108.0
36c83eee-d146-3430-99ee-232e2bf1ecd7,-117.9602991854062,34.127865937498555,16,1569665.0
6f9d9f70-b827-3156-bb36-cc45c5878db0,-118.44540913859758,34.24575281991216,17,1751544.0
078e7fc2-5759-346b-baa4-2c7321bdabdf,-117.98196008093896,34.07854503840388,17,1572749.0
22fbc53f-13e4-30f2-9ad2-90e8c0bff2e9,-118.50084611210228,34.15716618765458,19,1579417.0
5f1677ee-765f-3b1c-bfdb-b438cc565e16,-118.12026288295812,34.169797406758036,19,1732128.0
90797b60-c38d-3522-bdf6-07a3d5b7fc0d,-118.50235691074268,34.24236284875571,19,1763007.0
8b5d92ee-aa8f-332c-b323-f8832533196f,-118.15126783881132,34.0960133783287,16,1390776.0
fd434d66-b9ea-3094-b1cd-f4933c033ab8,-118.54185710442415,34.29462369616894,17,1502413.0
7f22a20f-33e6-39e5-8713-309e5f9ff48e,-118.42069657458792,34.26137152220003,14,1759543.0
8de4f86d-c025-340e-a47e-5bd8208de315,-118.4297268574002,34.15305561589171,18,1577820.0
56135b5e-187f-30ad-8cf5-51a6cc9c36d2,-118.10817076760236,34.15773282960255,16,1750299.0
c82e9a14-4484-32ca-8a52-b377502eab96,-118.67590274836246,34.28790366504388,15,1564121.0
6040d670-a316-31cf-b860-82b3c23f22e3,-118.08946360698036,34.09477342974407,18,1463565.0
f6cf89cd-8b95-3fb5-91cb-421ca3fa79bb,-118.26828144831916,34.16474973550095,19,1592296.0
1fe436a8-e1d3-3267-953c-a6aa5a2e2b65,-118.49225735263693,34.285318877754676,14,1589455.0
e0b07058-79f9-3d4c-9d33-4ee7334a277b,-118.11876353847822,34.097215523971855,16,1665695.0
3df30dd7-292d-35af-a7db-f5294e00f62d,-118.44508174491824,34.194807615447495,14,1472820.0
2369e7da-9e8c-3e9c-bb2f-977c66d84ba9,-118.37648334552192,34.21408276993694,17,1562150.0
980c667f-19a3-3559-9f4b-03138b70a144,-118.50342887406518,34.027280824712605,18,1728300.0
99002ebd-a016-3f9e-b9c9-144f45f3284e,-118.45703719201158,34.321812423409206,15,1238415.0
6ce2739d-d3e7-3631-bd86-79268d691086,-118.47202217065748,34.27744801656963,14,1297138.0
83696545-dc81-39a7-b56d-49e5be0b057b,-118.02438696847126,34.09172603769185,18,1416419.0
4b9ad35e-5262-308b-aaa5-96fcd06e3686,-118.54515431858673,34.444718146801875,15,1649761.0
5ffb128f-6a56-3737-a2ab-03f7439f7989,-118.50847685663882,34.281062430474506,19,1559554.0
dcc6905f-c98f-3158-b28f-d1ab5cc84892,-118.4355966925698,33.95459600357339,16,1761508.0
657c6dc3-2dd0-35fc-a65b-2a919379d911,-118.29537509790944,34.05625198802173,14,1474090.0
7db71ba5-a0a2-38d9-a43e-0ec31e396c94,-118.44508174491824,34.194807615447495,16,1756575.0
56229046-f32a-38e2-9f79-ddd01c5368aa,-118.50342887406518,34.027280824712605,15,1401420.0
ba63481e-282a-3b5b-b092-48d9d0cb2791,-117.8463290422317,34.117431392171305,21,1725792.0
98f65c01-080b-3285-9d14-eaddd1afc7a7,-118.50342887406518,34.027280824712605,15,1730509.0
557a2203-8b03-3bb5-9f77-0ae7c3a7a584,-118.55679893181455,34.39768154584629,16,1660620.0
3613b49d-540d-3318-818e-3d981ebcc242,-118.09239925137884,34.11233276064031,14,1745220.0
383370cf-4ea9-3a82-b202-57d9a63086b0,-118.41246083734532,34.02790866492524,15,1673237.0
07c98147-039c-396b-bfd2-9bc15baa4710,-118.55810393707463,34.174036600294755,16,1237135.0
eb1b5556-8351-39f3-a109-9cc949d35068,-118.55679893181455,34.39768154584629,18,1752960.0
f32a763e-ce0d-3b49-97fa-83412cee6da5,-118.26095595631332,34.1098160140243,14,1433760.0
2e4c1e54-c031-3c5e-a0cb-60ee2f64e8eb,-118.4154849282616,34.01434710852189,16,1677966.0
dface719-217d-3192-84d6-da31de1f8318,-118.00174839287496,34.148276650596316,21,1740300.0
412f6b1a-c88a-3247-b296-fd015dbb2665,-118.06011814820783,34.13200470164611,15,1758243.0
f743f603-d72f-343c-904b-50ab79b63ca6,-118.35703565389774,34.185893801555885,18,1660161.0
00a6e791-a806-381f-a058-afe69d942dc8,-118.84753586395104,34.188053427471615,16,1593217.0
ed8ecdd4-e986-35c3-bfc8-d010b12ac5f4,-118.41857454821576,34.19962583104803,17,1327312.0
c9b0a58b-de1d-3322-9973-845739a9be6d,-118.3486932661413,34.104825824693506,15,1481975.0
9b639c0b-1c5e-3f97-b02f-913a8f44fc36,-118.1011187324718,34.115862145395305,16,1751982.0
14c87e48-19a3-3e04-a500-4e45ac21ced0,-118.68605835823227,34.279648946933285,16,1579857.0
954f647a-ca9c-3d0f-b231-eb0a4c5fa6ad,-118.44769625417722,34.25248894688226,22,1760043.0
4775239d-f73c-3aff-acb3-3517afcee1cb,-118.5184561797784,34.171377563388496,17,1385160.0
079f4c4d-5e66-3f13-953a-f2292a8c7d4d,-118.24014700453608,34.13257278293727,18,1581428.0
976ee1ef-b5f6-3822-9115-adf0b8a69eeb,-118.54603942574867,34.40413000273487,17,1333060.0
a9de71c7-671c-3bfb-8d12-69261cb60a7d,-118.52833373653468,34.387670765311114,15,1495336.0
81fdd07e-26bc-3dd7-bc32-5f15e5c24977,-118.64640704612968,34.19587747288646,16,1417740.0
77149a43-11b3-39b9-adbf-2956b8175ba9,-118.19830220676484,34.47025220053643,14,1667792.0
db366101-e62a-384b-be83-f11820fe0055,-118.41135314861106,34.28717937721482,14,1742727.0
a462639a-6d76-3b53-8cac-1c3b6edc3542,-118.53657512655352,34.27304852962485,18,1759303.0
d344afc9-dbd4-3227-bc82-7ec28fd80c1e,-118.7778806984853,34.15211290302902,19,1756485.0
36e5c0a4-c110-3f5f-9f91-10b24957ffae,-118.35348124501782,34.06509460474543,19,1752876.0
e1aa299c-d5fa-3caa-928c-d987c705e709,-118.8813930245764,34.173562665825784,19,1662171.0
e6775468-57de-3d65-ba66-b3123f615600,-118.57450187784278,34.20989675882246,14,1061951.0
97414592-16a9-38d3-9169-d9a64b5aef11,-118.00431958971528,34.09053898957496,14,1739255.0
d33e6367-eac5-3082-bb94-d88a06e507f2,-117.9741482758491,34.153458795746374,16,1661642.0
1335272e-d426-38c7-9281-8b57b65bbde2,-118.28247107598622,34.17046386005273,15,1645080.0
6c2855d9-8e32-36ac-83b5-2b38e79e4605,-118.15826262015352,34.132019877667894,15,1418823.0
163ea686-eb6c-3c38-b904-01e908a1bd31,-118.20262960750384,34.08695413261375,22,1761566.0
fe2740d4-48d8-3018-8f03-f74246edd961,-118.30233613375488,34.192348216651446,19,1593355.0
3538df76-52e4-3dfd-b37c-0e8bbe1371ed,-118.44622913095198,34.420229378984395,16,1391219.0
7637ccda-103b-32a1-9c5d-d8b807fd08e1,-118.68594134626234,34.2737894591668,14,1557279.0
aad8da95-5ac4-35b2-9d62-3ba1e86e6673,-118.649538868841,34.189523319445165,22,1762165.0
1da1123b-527f-32c2-baa2-174e8f5ae2d2,-118.2580839474821,34.24511322892898,19,1744058.0
6fe67995-31c7-3ed3-aa55-b7826b91d9e2,-118.28164572696868,34.25929749641777,14,1724366.0
9ff3506d-956f-3b40-bfe9-10746f8559d2,-118.13971399215508,34.20433752923701,14,1561783.0
fc23ed46-fd50-3790-9681-4bb2d7c78472,-118.36447982902628,34.21015896748547,18,1655130.0
710d725e-2e05-39ec-aca6-82454a8440ef,-118.24562796490255,34.09960177002878,15,1397028.0
fd5473c5-a6fc-3907-9571-aaf425a8f18c,-118.07717044389878,34.10840909999908,14,1219942.0
13be70e8-68f8-355e-8358-d80927544d2e,-118.26335329987374,34.16164431540642,14,1408176.0
9779b33b-04fc-3be3-94f9-36dd4591daae,-118.47784552626754,34.26881137380158,14,1644434.0
3ef953d0-ca10-3c93-83a3-11621847a9f3,-118.0056647789961,34.11262269996951,21,1754874.0
e4ccf26c-30ea-37d7-9e4b-eda2761bda6b,-118.3497413624252,34.102559853104836,15,1498714.0
c09df748-1bb6-38ec-8322-336596ac222c,-118.53775009845256,34.397020783501766,15,1666113.0
28cbba06-812e-35b8-8c10-2b2505917521,-118.2751921761662,34.04699414944685,15,1649580.0
4fcea283-bfd7-3ca0-af80-3e2928c31594,-118.41123562997788,34.44227971252948,15,1235730.0
d6e5fe15-b3e5-32fa-a652-d3423ae1f7a6,-118.44299932839768,34.231804069992414,16,1730133.0
f04de508-bb69-3ebf-a593-f6f66a6085ff,-118.2375019820733,34.137108440073476,14,1736940.0
78c4d2cf-7b76-3d8b-b408-1e24fdc593f8,-118.13847721288032,34.19307655609677,15,1642226.0
eef19060-9f90-3191-a9c9-75e23c1ecf5f,-118.41712147043604,34.24247610063043,17,1323215.0
011e0b90-eff6-3aea-9c53-849833071cf0,-118.2375019820733,34.137108440073476,17,1731240.0
ecb3bb4e-5764-3b22-8294-8a8ecc65b010,-118.43086593600772,34.05970902692293,18,1484667.0
d470d941-9a11-3818-af98-e3e70503d54a,-118.46464761521408,34.16526848089438,19,1553284.0
69fd833e-cf05-3711-a84d-0f8bde2fc3e6,-117.92958234981457,34.09563639662152,19,1731920.0
a70c6637-8d3c-3eee-b35a-dc1efa65ae9a,-118.40687111816383,34.31157812406626,16,1765518.0
9814c9f6-8724-3a22-a2af-45c3ccc90c35,-118.47316376964216,34.03080340644294,20,1646160.0
5542d397-dcfa-3fce-8292-e5fa6bc7bcfb,-118.44521792888536,34.676777246683336,19,1755299.0
7cf721c8-1897-35bf-ac86-f04bb622257b,-118.15356404539438,34.10546082885062,15,1419357.0
e9257f5f-eda1-3a23-8e90-db560128544d,-118.45553655584774,34.234811992471975,14,1220336.0
508e5a89-7131-3ec2-bc1d-5365b45d44b0,-118.26763127897878,34.157542164098004,14,1391926.0
2641559c-fccc-3a67-896d-a2834fd8b0cd,-118.4090683166035,33.98646534290331,19,1756844.0
64e6c8d1-adb7-3e93-811d-2dfd848103a1,-118.64261918346052,34.1684255716171,16,1757779.0
969695bf-baf2-3f09-9f29-9445e984f212,-118.07561285367778,34.113833648032376,14,1674903.0
e20a2853-1018-3cd7-9b07-5247e41a7313,-118.12727924516426,34.08541409977584,14,1589006.0
0a06e2c2-bc5f-3fc3-a848-2ff68909f195,-118.28133180600288,34.16686862839685,20,1720122.0
deaad059-05b3-3d86-8520-cadaf8466e72,-118.5367490579805,34.252757341815766,15,1585511.0
3420e441-79af-34b8-a07e-79d60dee3c97,-118.56545334940142,34.219480824847935,15,1724684.0
a226cf98-36bf-3928-8482-f0cbb6cb6d03,-118.22434249153994,34.202169294714864,16,1663927.0
81a6c6be-3a38-3b94-9a0c-674f04e1dac3,-118.48677446623846,34.25157027118985,14,1319547.0
1bbb1094-c502-3b82-b4a7-cc6df23e55f4,-118.47316376964216,34.03080340644294,16,1555260.0
8fee9c18-d767-32ee-b510-c39896270231,-118.00512804856368,34.11307800552792,17,1495577.0
6d48afa9-9944-32f6-902f-4d08a7c022ee,-118.57827460911189,34.208495660570705,20,1641943.0
a68eb9d1-224a-3eea-ae00-2d059fea314f,-118.31660377095092,34.515474276072034,15,1677398.0
1bf0194f-fa9b-3439-8f63-6b9239a42751,-118.57219767076636,34.20271243524451,15,1488957.0
645a59b1-657b-3a44-a8cf-d8700ef90d26,-118.46093069976254,34.29561560672699,16,1247045.0
a14abd8b-a4fd-3d3d-b42c-69f645ba3eb3,-118.5497720519356,34.28189961842583,14,1492845.0
04945235-226e-312a-8ce4-6840e2bfe06d,-118.47943787965627,34.45229399821549,14,1147338.0
4015df28-40fe-4e6b-98f1-932c76c8d29a,-118.77043564669516,34.18513284023428,15,1647955.0
72d3a57f-33d7-314d-b68c-1bbff6da8ef3,-118.47842513051106,34.42570556237497,14,1755622.0
81d13211-691c-3483-bc56-6a752032cb85,-118.30078469987832,34.055743954727376,15,1706562.0
67f7c0d5-eb31-34fe-b6fb-7d09c1f26d22,-118.15685281697108,34.10813531924055,14,1649340.0
9ed8558b-4c15-379f-87b8-8589221ec575,-118.63128359490427,34.480117643966125,16,1578972.0
8571b4c9-68a8-322b-bfa3-b2b600e8e249,-118.46557548086624,34.2189117777487,16,1660719.0
96eefb2e-f7cc-378f-bb10-ddd7f2f1f3da,-117.92199967836068,34.09614445792849,14,1675958.0
3c82d581-2f0f-350d-a16f-9fc4e0974f4e,-118.46247418722558,34.290637614411864,14,1319906.0
e381b078-988e-3c2a-b05d-f265949378a8,-118.54614928928268,34.23235008043333,17,1652209.0
5518174e-6e37-36f9-a7c4-574b59aa9d4c,-118.47106143319348,34.1597812156435,17,1495133.0
147f7664-18e7-3f2d-b13f-b494dba4c7b0,-118.11019837728035,34.10540955678189,20,1672990.0
62ef82a5-8545-3bc5-8cac-120061165a65,-118.44899070493403,34.26464724186408,17,1658393.0
ccbb5444-cbbc-3e11-b1ff-e1814f06d06a,-117.85562225928138,34.12503260954988,19,1755625.0
f92f075a-efec-3298-b4ab-932a40b206d6,-118.43099216345396,33.97043096884961,14,1743539.0
be9c9512-302c-3f45-b1e3-a96fd8e66d45,-118.01697035683635,34.15130784720013,15,1315218.0
0f7e16aa-3d27-385d-9af4-1ee10d5026ae,-118.5383693985909,34.25228614709665,16,1751179.0
d15e9a21-8f16-3061-bdd9-329c7949288b,-118.60658984822668,34.213538360414134,17,1402059.0
91eec488-7c9d-3c4b-8cfd-e33db7ed2ccd,-118.6004228323808,34.17439362374822,16,1641787.0
542fbd37-2b2d-3d35-ae24-5b997a627f38,-118.3946125335274,34.062380240661994,19,1728300.0
90e5d23f-a8d8-3b47-96b5-576517dd1bcc,-118.23553432551496,34.11368158176499,15,1755047.0
1383f31e-48fe-3d01-9057-5be0b45b6cea,-118.6288316696794,34.18484052338049,15,1409650.0
7affe537-015f-3ccb-9030-8a8d9387df77,-118.35607479671285,34.057851706960754,15,1765860.0
df7e519d-beab-3098-ada9-2aebca61e37c,-118.41169270735487,34.275001842735506,14,1573418.0
a7bf9dae-7284-3f32-a1b6-6bd9529722f7,-118.34206782811962,34.16576853630893,14,1537920.0
72deb4f3-fa28-3881-9c51-f164ae759aeb,-118.50790625842671,34.18819003379678,14,1409733.0
77930f1e-ec3c-31e4-9ef8-cf2ee86b3dd7,-118.22429223972507,34.161138407209144,15,1752150.0
507300d3-c335-3406-8e5f-991dad4f543a,-118.002242759066,34.14421442950242,16,1579560.0
d8bd0d7f-f761-31a5-bc62-34b2f3c4bcca,-118.8647916395771,34.18328386172408,17,1477411.0
282f07f7-4873-35cf-84fb-150a7d48d149,-118.59603145521884,34.286716038401686,14,1734430.0
46e6819c-451f-3de6-b0ea-ff822a12245a,-118.28247107598622,34.17046386005273,21,1749600.0
a7b0a422-66b9-3a45-8d92-095cd5dd04b6,-118.46507951631088,33.97002982047817,20,1641597.0
470920ab-e3b5-39da-8909-2b65d1a12a45,-118.32154319304482,34.171401952651145,18,1740720.0
e7df9251-1467-31f1-8aa1-d74292fd4255,-118.48245535104846,34.252975202532795,18,1737973.0
9ccc5625-65a4-3342-a350-8a00e335c955,-118.56589415638518,34.41875561827181,14,1297473.0
c5a6514a-3094-3a30-9ad0-471582f39190,-117.85562225928138,34.12503260954988,18,1662180.0
1d7951be-9d3c-3931-a06a-9690f55d8111,-118.40536396568332,34.057297960444835,15,1318815.0
0364b019-ef05-3434-9b97-d25c5e59afd6,-118.50261776532324,34.195919789913646,14,1328469.0
1dafdefa-c288-3cef-8a85-8ca7c9e51ff8,-118.46571686958114,34.41458701843487,17,1313389.0
d1de5ca1-b7f4-3375-979f-286692ebd2b8,-118.00578754825474,34.122992656358505,19,1554240.0
1e4948cd-e69f-382a-b67c-ac52f96f11cc,-118.47316376964216,34.03080340644294,14,1472220.0
237e642f-0592-31c4-b7ce-167bfd625385,-118.79159937038828,34.23667316980513,15,1751146.0
9b99b86d-7e09-3f24-b953-22e572f6a1c1,-118.3515198029374,34.0439241346041,16,1590897.0
e9f03323-2d25-351d-bd78-724bf0e34dd9,-118.45123388417034,34.11042025725526,18,1749720.0
0aed8fd3-8a2d-3c0f-a27a-75cc4de63e5a,-118.49298426893633,34.41831491864069,14,1755027.0
e13a9120-ce24-3868-a627-fda0aeb0d775,-118.75387920960765,34.119094834738554,16,1572060.0
b37e728c-9feb-3374-825b-a748d6d95981,-118.56725781137727,34.14100638624698,14,1482297.0
0ac3f2e9-f4da-3429-948b-7d1ef9dbde4b,-118.2943192123651,34.0580667065742,19,1673994.0
9c6fd708-605a-302b-86bc-6667b7132547,-118.3776931302916,34.18836886302842,14,1492040.0
a1a3b496-9bc0-3f37-b427-0d37d5411bd1,-118.45815342277947,33.97642459081743,17,1481613.0
c878b453-087d-37ac-8b53-4f70f3264c7e,-118.59141450961305,34.21463797384762,16,1581806.0
32a731db-f893-3cb1-8c3d-e49afe1f7b45,-118.5021265495006,34.2599496128858,14,1314754.0
169477d6-c8ae-3060-8c49-b21e82408f9e,-118.44508174491824,34.194807615447495,15,1642800.0
ec9efb88-6287-3abd-93f6-2dc361610f24,-118.07139578141212,34.12333957395653,15,1757943.0
efbf9d25-4da6-3fee-846c-bb93472438e1,-118.39888189037084,33.99244324447208,14,1642440.0
861f9cbe-3b24-35e8-85e1-f9f6123773c7,-118.44182044193492,34.289980700386124,15,1645260.0
071cad6b-6414-3f57-a8b8-9f612e686fc3,-118.59572783751646,34.15551828783072,17,1764600.0
2fccef65-6099-32c2-9901-6d577908d13c,-118.61701940003184,34.21971336260259,19,1649414.0
9965efc6-38c2-39a0-a118-b835b5596090,-118.53755223023748,34.38620268026374,19,1761661.0
89e8cc8a-5b4f-3731-9037-55076ad2db08,-118.2959174330316,34.091867156458264,15,1655879.0
ce88a0b4-395b-3636-98f7-7d2959286c91,-118.29702823755098,34.270858653357756,15,1588659.0
ee1f6ccf-2ccc-31fe-b44b-75a111e48ad2,-118.44129272757591,34.29088865444723,14,1678384.0
7847307c-e056-3ef2-a46d-da13241a02b3,-118.29442221680976,34.10044994206011,14,1642759.0
72c1a992-28b1-31aa-a0d1-18fb20ee6643,-118.49048999161964,34.03059457029028,19,1565400.0
8a903b2c-ea3b-3761-b6fa-dc477f63e3eb,-118.61600304238031,34.22333366819651,14,1135858.0
9918f9d1-0e8e-37da-843f-536bef486ce0,-118.25357392867568,34.23388722009656,18,1746240.0
0d7f3a57-77be-3e60-b454-83fb1e8f1485,-118.48074401370565,34.030712340879425,14,1483218.0
d36b4691-4a6d-3273-bf6e-80ac3f2418a1,-118.64814138063576,34.229217910923936,15,1672058.0
a49d22f9-d0a9-3576-8caf-08b8345aa841,-118.5611004750058,34.45353259378743,15,1582139.0
046d64cb-db76-3147-a140-3f7bddcfaf7f,-118.575800090052,34.25045802045141,14,1645165.0
cfde6bc2-7a99-3f10-a304-aecf040d9440,-118.13847721288032,34.19307655609677,14,1732619.0
df94c341-7a34-3731-8c6e-f06080508070,-118.50328577170666,34.01916662997427,17,1332064.0
36a8ad0f-ba3b-3383-9038-d0d7aba71b91,-118.19961289887188,34.21864582541901,17,1492980.0
b896963c-f42c-3866-a4f3-558813fe2ec2,-118.44866425149615,34.27727554315226,17,1333079.0
a124b45c-020d-344f-afce-2ba510206dce,-118.46639112855148,34.32846378203307,18,1735845.0
15e8ea7b-4e5e-3a41-83f8-208ab76f740d,-118.01113947625042,34.07154467166127,14,1713719.0
c538bace-ac3b-3c76-8096-722d17b7b30c,-118.60743891415422,34.17249843445176,14,1576963.0
167ae3da-0004-3f96-b99e-fe519c40e3e6,-118.31577409739766,34.25397614013206,14,1301664.0
675026ac-b64f-33db-a46d-ffa21c4f1956,-118.29716491211812,34.067054664421974,18,1742220.0
5a569eba-e9e5-367e-9485-526fcf90c9f8,-118.38842877194168,34.214398989135816,17,1330520.0
f8027d02-263b-323b-8a0a-7ffb52a40ee1,-118.29851666619992,34.08462537057596,14,1495109.0
e996ccdb-11e4-31d5-a044-407c8d46f85d,-118.450898878882,34.40709903958052,19,1591115.0
bc428a90-b55a-3667-b070-e741be6c999b,-118.30084968731488,34.1662123906078,22,1752875.0
f9760fc5-a595-3294-bdf2-dcceb3ec4a96,-118.49389014589448,34.19332114696699,16,1329524.0
74c25955-a9eb-304d-93f8-8dd6cc7c2ea0,-118.51923213216264,34.275068261855296,14,1480063.0
d30bbfea-7412-30c1-8e88-c0009828dbdd,-118.17699445766377,34.11425658200107,17,1665557.0
0f7b1755-4947-382d-9108-ccfb5bff3463,-118.46970530853564,34.20668871361959,15,1639696.0
0e36d81c-5caa-3def-a87d-4ff99c92f732,-118.3125236414434,34.254461874309804,16,1586519.0
77bb1a3d-7280-355a-9fb6-c3a95714525d,-118.21524708295463,34.09765160043473,17,1326442.0
22047128-52b0-3ab8-934f-7493d864ab39,-118.5409963663984,34.158021226974924,17,1329738.0
392729d3-9455-35bb-bd20-a45fc082643c,-118.47549403249212,34.44467706991655,14,1496776.0
7b9e6b1e-f867-3fe0-92fd-239bfe4a10a7,-117.90737119960538,34.09670429633667,15,1725975.0
212f504c-1aa6-3edf-a7d2-be83428ce3c6,-118.18046311675845,34.090776351423045,17,1326183.0
5ec87625-f032-3945-8514-eab32b0e934a,-118.44124867952694,34.06499835410275,16,1742100.0
9d510cee-e160-3f39-982d-d3166cb0af4a,-118.30907764246156,34.24232485297303,17,1747772.0
ceae81f9-0aea-3a96-bc9a-929156003cf0,-118.51466896848808,34.44419796177354,14,1723114.0
68dc704e-5555-30fc-96dd-5b0294ee9cd5,-118.1947050762243,34.17856408029692,16,1240116.0
d2c6b8aa-a4d2-3495-a5aa-c6798eb677da,-118.35358575248677,34.03758886311102,20,1747387.0
310fd01a-b730-3b23-8d4f-bd123aaf5c7a,-118.56165119239652,34.16046536066476,15,1477529.0
7346c588-29d2-34a6-8d2f-f04eb605251e,-118.14047755626488,34.09972127474114,20,1568419.0
864410f9-87e7-3cfd-9bbb-1b9d1d1acef1,-118.20456784632684,34.22355707584346,19,1669632.0
1f19b48e-8dce-350b-b22d-45af763d852b,-118.39888189037084,33.99244324447208,18,1570320.0
63c9ac89-0a41-3b0c-a4c6-6b9432d6bb6e,-118.26701490382531,34.15258869991586,22,1746840.0
7f07f4de-05d8-3597-a436-305457122a75,-118.79320341873344,34.15865274947327,21,1735911.0
d3f8a61d-edc2-369f-b30a-22b910119be2,-118.52341191372432,34.23579081715121,16,1574989.0
cbbd943f-6b1b-3ace-8b17-89f389689c3f,-117.83925476066749,34.11477442303331,17,1749231.0
9616e625-1242-37d7-9324-648b4ef920bc,-118.64789408923257,34.18864370109636,15,1466042.0
3f731275-1062-3cb2-b291-42514d44926e,-118.00174839287496,34.148276650596316,14,1564920.0
56a7743b-6d69-34d2-9690-0cacc5ff3b0f,-118.392993549567,34.194959316872236,20,1743373.0
9897ccfb-00b2-3c91-910b-1a632f94afed,-118.39888189037084,33.99244324447208,21,1672860.0
399403bd-28d5-3b4a-bf48-ac2310d68d80,-118.45323469579316,34.195613051068825,16,1319563.0
16c8b6da-e571-3f40-b1d2-3043c3a4147c,-118.3257347725442,34.19660644483193,16,1560360.0
9edda346-1a40-3ee1-80e7-bcb77c02fe26,-118.22645505263542,34.160665916862584,15,1408030.0
202cdbc2-c622-30f0-b5ec-5d991da99c1c,-118.13749289443916,34.160169988812285,14,1670516.0
dc7c5217-0205-3f2e-abe6-6724db592d78,-117.85562225928138,34.12503260954988,14,1677480.0
552e0150-5e8c-341e-a9a0-b9cfcc652a30,-118.42182976828968,34.1995881397136,18,1420796.0
f74ce63a-0136-32fb-a11f-edf8d918a2e3,-118.4160686485498,34.30921775895652,21,1760587.0
38734307-6481-397e-82e7-cbfef3dc1686,-117.90272325092732,34.11838256346181,15,1646141.0
ddd7fb02-bdda-3449-b20a-2d5e98d55d3c,-118.2414686773175,34.14879168810534,18,1743622.0
a897c26b-277e-3d3a-a364-f71d02c87688,-118.17876391948802,34.202615778606976,19,1754919.0
74dc4ce2-7ce2-328a-9731-5f5ca713b691,-118.43771921983266,34.272444853991836,15,1395799.0
ef5f7c01-9d0d-38de-a397-29e52ee16838,-117.90737119960538,34.09670429633667,20,1641240.0
4ca9cf39-03d0-3bf8-9345-c3df430a8a79,-118.40225920938305,34.26293650175977,15,1669650.0
03cb3228-da6b-31b6-8f61-fea0865591c9,-118.0998303511352,34.10009194581823,17,1390860.0
70e3ad59-f3c6-337a-8c36-a8e1c7c55847,-118.50342887406518,34.027280824712605,19,1737120.0
6de16f44-9d69-3bf9-abcd-4d82b18f1480,-118.21173112736548,34.49536873532197,15,1644309.0
5767b6d3-e67d-37d9-90fc-dce195b53327,-118.72984367774326,34.24297045158704,14,1589986.0
e151bef5-4f6b-3c6d-a933-6efed3279da0,-118.30375530426392,34.072846581612694,17,1761958.0
4a815f65-814c-34a7-bd42-c87bf240aea6,-118.23249726901,34.09116712776444,14,1379509.0
7086af44-dba3-378f-95b1-82a7c9ddfa8d,-118.5164681528144,34.30260536463585,21,1761595.0
96cd1eb3-6854-3b14-8e5c-2f1b97006e60,-118.1197108720809,34.08683603172621,14,1655970.0
555f59f0-059f-3a91-836a-9b472fd36dbc,-118.5383626935042,34.22207804552577,17,1570469.0
0e90cb2c-dd5e-3360-8937-99be0469526d,-117.99632017030198,34.14786991800132,17,1737970.0
faadf1aa-2ccf-3b0e-9c05-6ff8716acf37,-118.52569472065936,34.21186629980471,18,1736293.0
41c554df-9a1e-3e90-9ea5-14e925c5a12d,-118.58010567549384,34.277454387511554,14,1757386.0
49c91ca8-766e-36fc-82b1-ed24ba899a89,-118.15523485957412,34.18841091514072,14,1503364.0
eb0ec57c-8e4d-385e-80df-2d9b402b2d92,-118.5184561797784,34.171377563388496,16,1673220.0
81d75bb3-849d-3bb1-b107-f9c7a633e830,-118.40315977621016,33.98923825227887,17,1499423.0
3c1ab694-fda7-3c7d-a994-316b0f0eddc8,-118.51909545619505,34.176780141573516,14,1587416.0
78d95fae-2ad9-31ef-a2b2-e8e15bfa230d,-118.12913833629511,34.102982373017404,16,1581993.0
bb75e5b1-7cd6-3b0c-8f83-96add70d897f,-118.8703142418024,34.187708212307356,15,1668354.0
d3499cc4-bdb4-308f-a30d-69088925377e,-118.01045726936066,34.150910725897454,15,1717156.0
b9e72723-584f-30f3-92ca-0640ca900b31,-118.57277368371736,34.20450852198101,18,1729386.0
35773cc0-d0af-3092-89a7-a09ce52f3518,-118.26140453359578,34.14002143977799,18,1578562.0
e918dcff-909d-3b81-8feb-1b00e1733da4,-118.54261376791077,34.276579577373276,14,1592060.0
96e251d6-6943-359b-9e6b-f837f854d998,-118.21062280213248,34.077406679561115,14,1579722.0
1909eaa1-0e07-3b23-b1d0-15cd2a2e08e7,-117.90776614481608,34.13367652197249,14,1145717.0
347edf32-e72c-3df3-91bf-8c4430a59c28,-118.40015741611232,34.29993233975889,16,1720680.0
283dda87-11e4-37e3-8fd3-b8bfa29f759d,-118.34226768261244,34.17839119548607,15,1731634.0
0341e9d7-a679-38b8-a1a4-9d45ebd22d4c,-118.31683884215002,34.252612055305796,20,1748662.0
7c006924-cb9b-36b0-a83a-0fb65fee4bf7,-118.63767414752417,34.47281864864084,15,1230673.0
59d37563-a8cd-3d6d-9b33-47898d02c099,-118.21315324538038,34.51834910260753,19,1765619.0
d09d8fa3-0f76-3e59-b4bf-cf1f291faefa,-118.39888189037084,33.99244324447208,15,1622160.0
c53a0eb7-1338-3f8b-9e1f-663b98af6296,-118.25357392867568,34.23388722009656,15,1639920.0
93425c85-fddd-3fea-b317-78144d30105e,-118.21513063062896,34.127412140169106,19,1634440.0
41457f88-0878-3858-abb2-227f7a97a09f,-118.30996982043732,34.26485951354901,17,1485420.0
8ffd98f4-db64-3fe3-b6a8-d59d17328f9f,-118.5321121991182,34.17661828425643,18,1591331.0
7b1804bd-dff7-3533-8cac-f884a5771daa,-118.04275715151316,34.087062370410074,14,1664638.0
b59a281b-b7de-3479-b42d-a27363287cc5,-118.15908234635702,34.112623332576064,15,1632029.0
fa9ea159-fc44-3828-aba9-e73bb6864052,-118.09239925137884,34.11233276064031,17,1481456.0
b6a607bb-436c-3954-9ae8-e65f1830900f,-118.76446038166144,34.18476808230939,15,1582615.0
e9d6f6f2-dbd9-3a79-91c1-4c163c3567c9,-118.25574783231647,34.050801543636645,17,1654493.0
abcbfe86-228d-3e2a-a308-670ad9b24b94,-118.51359705162392,34.44511295061766,16,1630983.0
6f82b55c-40e5-3c9a-8584-1407f6cc9b06,-118.13847721288032,34.19307655609677,14,1486325.0
364acf68-08f1-3222-a4e5-2ffb22d41e2b,-118.41180721058868,34.21683734894544,17,1650005.0
9ec486ee-bdd0-3298-a7f4-55da03b53886,-118.4878242594564,34.156873867987066,15,1722240.0
3a38ade0-0433-311e-bd1f-e906f532c328,-118.0998303511352,34.10009194581823,16,1643161.0
f0e8d06b-aa00-3e8a-8de9-bcb05ddbac09,-118.0757734619748,34.16929367354248,17,1590856.0
765069ad-f063-39b4-8064-71f41f4eea8e,-118.64457895112204,34.129624859947405,15,1677234.0
e0ba713f-0c36-30f1-9270-416cc2ad8845,-118.00174839287496,34.148276650596316,15,1724580.0
69606ee2-5d8b-3ba0-9832-d996d3ccbf47,-118.42498182667688,34.031822204259456,14,1575300.0
c517ccb4-e3a9-34e6-92c4-92853ddf5df5,-118.34317572833916,34.235643631507315,14,1656483.0
763db200-950a-3318-8f13-4c48b6898f17,-118.5052521883579,34.0385306398579,19,1763636.0
b8d57412-9925-35a4-81d8-2dc18eb82ac7,-118.03141538440924,34.134954624922635,16,1638997.0
489a8ad6-5311-358b-9ae7-9c19c9991a3d,-118.37267024194809,34.213223745742944,17,1730820.0
26de8b70-0cb7-3d79-a4f3-770f583f3979,-118.67471828954702,34.28296046920663,16,1567507.0
1ebe64c6-d5fe-374c-b9af-3dc79f7a8862,-118.3122690495015,34.203063664565335,14,1469412.0
17bbe027-ce13-3ac9-9c96-cd9002b0b32f,-118.55848108387076,34.37105957353892,16,1675177.0
872a7fd7-3598-32d5-9da2-ddd9f0bac47c,-117.9555211404134,34.13692146903466,16,1479720.0
d7f7b04a-a72e-3877-afe5-90a7974635dc,-118.24564123918002,34.13747702241121,17,1581036.0
35cccb40-123f-3059-bffa-2d7ccc8ef32c,-118.4099808450412,34.27006192175908,22,1767363.0
a8779d90-f8d0-3a4c-992e-5275c539ff2e,-118.10529877980387,34.18706736440571,15,1749830.0
1c8065b8-f119-35b2-8f9a-512c93644294,-118.6148504962411,34.47492578597396,16,1762181.0
b719e615-d006-38e2-9d31-a993f574fa48,-118.5882610814118,34.39321939358791,17,1666086.0
320a3cbe-4004-3ee2-ab02-5c4965a4c7db,-118.4522026244826,34.230342776711005,14,1488598.0
ef73d7be-af05-3473-9eca-b731f66539c5,-118.4989627668098,34.44844926995496,21,1751701.0
991f4946-6e11-3105-8d53-338b4f77f9b0,-117.90683403069328,34.09715918058738,15,1655690.0
d25ab0d6-d5ae-33d0-bcc6-e296011c7e12,-118.5553944671587,34.38056685697109,14,1714075.0
cfcd615d-37b4-38e9-b450-8f53afb99a00,-118.31491787025404,34.09391971694009,17,1333716.0
35447357-bcc1-3bbb-a1e2-a1da69a69221,-118.09465662503683,34.07714181977493,15,1632527.0
b15177f6-1e81-3f34-abba-85b0d04342c6,-118.01113947625042,34.07154467166127,17,1389748.0
72c12559-c258-3956-8aaa-73ba95e76a1a,-118.16699294419996,34.13599531882857,15,1647960.0
20c4000c-84a1-31da-a1df-e651cb0fa22e,-118.36394253797916,34.17679950316854,16,1674923.0
6fcba9fb-2f17-3397-aaf4-eda0b4b14209,-118.36179498139988,34.04290894094244,15,1760040.0
2ac9ef06-10c2-38e0-96ac-8e3cb7a1ab31,-118.4293111358896,34.1927379949391,14,1663762.0
1ef3c7f7-849b-3c38-a012-350d74806c26,-118.44703747682928,34.40398873812979,16,1744026.0
ff4e478c-1ad2-3875-b577-616995548307,-118.29623048238918,34.1833950982037,14,1467840.0
47608d56-2f1f-3720-81ca-31d891b41071,-117.97934261961746,34.133577383148555,14,1486559.0
da89a056-220d-3540-a81b-35ffbdcc8071,-118.55015102358408,34.45006512501799,15,1660864.0
a9a9af77-ed00-3ca9-adf3-46d71f923942,-118.03048478022974,34.10294782864782,14,1663518.0
477af385-6415-318c-8635-03a8f2dd4890,-118.00482954871508,34.08782933881262,16,1663260.0
c6ea2911-dd51-3937-90b6-d3c7c4fb6d18,-118.46797243737652,34.012379069003714,15,1568336.0
ae9ecda8-f242-304e-9423-39eaa8537d21,-118.6773142862924,34.140002704921635,16,1549953.0
5462ced0-f8ee-33e0-9afb-8ab3279c1f35,-118.2893828064736,34.05406050413939,17,1752498.0
1cca012a-ab15-3410-8454-c4f08143ab53,-118.3466983130667,34.149936727830514,20,1747327.0
5b5262ea-023f-38fb-8f98-90c78f4d3dc8,-118.30981840223316,34.29011053309989,16,1635600.0
ff6c3e22-087c-3329-8359-d10c71991de3,-118.50199011591208,34.465544643625584,18,1753171.0
1f27d1eb-13da-35e1-9cc7-81d26eb1dc54,-118.4485602358513,34.397658618408464,22,1757180.0
801ead66-2921-3db9-94f6-3ec4cfed9ddf,-118.1312084948698,34.136330248307644,19,1493359.0
aec70f63-64df-368c-9581-87530fd0d4df,-118.5020030680146,34.314055266177995,14,1559573.0
b1c1357d-b8b5-33fb-a4f0-b789bf23738f,-118.56142207711446,34.20690791444867,16,1334734.0
087779b5-b80b-3dfe-90dc-15880d2f9d28,-118.4055610901765,34.20022652820188,16,1736715.0
256b68db-32c9-35e2-a470-f560c7c1543b,-118.29429931011975,34.26998573980435,15,1746114.0
47d0427f-7ffd-3e07-83e4-3c00684e6321,-117.87457944610678,34.12309538891866,14,1327116.0
ced2cbbe-182b-3a54-8959-58d469383ed6,-118.5610165883126,34.44902514477307,14,1331704.0
b34884d5-19d1-440d-9904-444b3d04ca5e,-118.25357392867568,34.23388722009656,15,1756920.0
9c751596-e2d5-39d7-a531-b12a6298b353,-118.62492493130073,34.207435547603886,16,1588643.0
9bdbfaea-2cd0-3019-81b8-c478942133db,-118.4437969758752,34.18309989220022,16,1479492.0
0b0e3661-fff8-34c9-9701-7493b769edd6,-118.44508174491824,34.194807615447495,14,1752714.0
3d3a094f-a21e-3ca5-bcb2-5ededbacef57,-118.2375019820733,34.137108440073476,20,1644660.0
af63324d-b65b-3105-beec-7e69d5ca81eb,-118.84617859259691,34.15065360733173,15,1734990.0
73558381-f73a-369f-a008-b1be3a5e6c23,-117.8776134466024,34.101880599359674,18,1761992.0
09ea16f3-3bbc-375b-8e7c-5fa5fc864f07,-118.43099216345396,33.97043096884961,14,1645212.0
19eafc46-bc0b-3713-a5f5-fb557765e035,-118.41188285274248,34.09103993200581,17,1646940.0
2aff2122-532c-3ceb-9cc4-af489c986b4e,-118.3946125335274,34.062380240661994,19,1638660.0
33f0110a-78bc-380d-89d2-272fdb71a16c,-117.85028185314523,34.1331862273939,16,1766156.0
b3d17a7e-c732-3040-a254-3bb7112d99e2,-118.84996351525952,34.15014576237981,17,1640100.0
13f51f27-012f-386e-8ac7-45bd6d8e0eae,-118.3519062910974,34.06826819917963,16,1756895.0
d9a3aecb-ba9c-3457-8abf-b980a0eb1421,-118.26574478696044,34.24909235132334,16,1679162.0
af180b06-146a-3fe8-8816-36cf271981f6,-118.07625170057334,34.07865713807203,15,1663657.0
75daaf89-178d-36d6-9150-45b6a55891e1,-118.64640704612968,34.19587747288646,14,1637160.0
dda0b034-a169-34a4-afa3-b36d14c66df5,-118.2624553872202,34.137756162753874,17,1563743.0
17d55449-1c51-36e5-a467-c9fb609521b5,-118.45432841890594,34.037790993572095,15,1734711.0
c663d908-a2c4-36da-80f0-d304c8be582a,-118.24361124942436,34.14696641731556,18,1504625.0
9a150b26-a2ee-3450-b30c-830ba42dcd5d,-118.50342887406518,34.027280824712605,15,1571580.0
9957552f-5192-37a2-8769-f3d7315d798d,-118.2764780989474,34.06050780219291,20,1741680.0
9663a71a-7cb0-3166-9463-8408c3ec1d87,-118.07108316166438,34.098542339988335,17,1335082.0
2abdecd7-f10c-30b1-bb18-170b075a951e,-118.48001739234353,34.26878516119345,14,1634228.0
2607bc6d-15fe-34a4-8787-b19966ca17e2,-118.46443326739538,34.089973808498385,14,1764667.0
7f0e01b0-a3f8-371c-a57d-6785a4ba6579,-118.46442777317117,34.21531848604749,16,1570175.0
4ae05f28-821e-3dc6-9522-094f8c54e43c,-118.4196614514518,34.23207653195124,16,1297955.0
e4d5cb53-5460-3983-b864-259bcc685b7e,-118.00431958971528,34.09053898957496,15,1764517.0
dfead8ee-6ec0-39f0-98fa-d047710f0b6a,-118.40285455903366,34.26608582486741,16,1739097.0
d8b964f0-12c5-382e-9dbb-0e51fa5b36fc,-118.49281556112378,34.16312553754264,18,1593426.0
73759e4d-52d6-31f6-a2c0-e386c0e36387,-118.524884181297,34.196997614079734,14,1288038.0
fd831ad8-4851-3909-8132-4d0afd417cc6,-118.50342887406518,34.027280824712605,14,1568880.0
0cad9b3a-35b2-3aee-85c7-f932eeba9765,-118.3614360071278,34.25708449387213,16,1546614.0
5bffe2d3-9b45-32bc-8394-0160a9d608de,-118.60679806516276,34.28161583529714,16,1680474.0
c0809bf6-e132-3fae-b156-83b87144d845,-118.49299228209088,34.418765680279236,19,1492945.0
94128f87-aec1-3c7a-9f3e-51f2302cd723,-118.57869104759666,34.25988896229232,20,1745518.0
3c126230-ba67-343f-bab8-d68d084fc5e7,-118.23827196624391,34.18985536570724,21,1732680.0
702cab12-3039-3c6a-be24-6a073a648259,-118.44508174491824,34.194807615447495,16,1669905.0
a995bfaa-79eb-31f3-99bd-4d63ffa72143,-118.2338558639538,34.11009126741819,16,1309930.0
859c4281-acb8-37e6-b6fc-97d17f6eb503,-118.45223472110278,34.20058454867305,18,1738302.0
29b1af98-2c87-3fcc-ad8b-a9e3b8bd7ef4,-118.00989886212191,34.14956259474855,15,1672124.0
6fd840ff-af7b-3b90-8585-7905efdf36e7,-118.24775693552564,34.13384836843383,15,1755526.0
fc0ae0d3-b146-3a0e-93da-c678d607b373,-118.52115149396384,34.200650941822325,16,1662298.0
8d0ec5a7-6e7c-3e09-ae52-76530afd7550,-118.41818097139787,34.30558633656329,15,1669861.0
3c8efc43-7f0d-35da-baf2-eaf485b569f3,-118.84996351525952,34.15014576237981,17,1560180.0
88c1e067-ae98-3b26-96fb-3cc198e4252f,-118.0043142648986,34.090088119689455,14,1652186.0
33844441-7588-3abb-92e7-763bd1346014,-118.40816844895826,34.324187646826,20,1765178.0
ce2ba090-cfce-324d-9dd1-7537de3c7ed2,-118.31796682455268,34.25530523121443,18,1652663.0
c2e53778-e4ac-38c4-9843-7c0b56e359e8,-118.43987175297984,34.43022338192623,17,1740888.0
230d1e3d-fc8f-330d-98cc-6984d43cf300,-118.44884742332584,34.065810770782846,17,1751064.0
6bf7636c-3886-3c72-8912-7a96a173c6c4,-118.44124867952694,34.06499835410275,17,1498860.0
4939c8e3-f8ca-3b13-8c40-41292ec8c630,-118.26722478013367,34.23915753980506,14,1654722.0
5bc47928-ba5b-310b-93c0-434a1d8be5d8,-118.38891841778556,34.14495737915755,21,1754100.0
927f1274-a348-3c97-a627-ad38c05e65de,-118.44508174491824,34.194807615447495,19,1756851.0
9289c281-c0dc-3db3-8ef5-5cba86d4c286,-118.33962673631206,34.04540701104457,21,1748823.0
8fac6355-c014-3e33-a1b7-58928a0a2fa4,-118.49240122214204,34.446726123979275,15,1678309.0
a1e09980-da85-326e-afe4-6006125c8996,-118.42664954123312,34.32442458851314,19,1763556.0
82cfa239-3b85-3bf3-a066-671094c2b686,-117.91015739942156,34.15440087281814,18,1587920.0
0ee6d2e0-6822-3fbd-8cef-6b4c4fc87c12,-118.38194237986328,34.11617931943309,19,1762781.0
72e2bea4-ce0e-3fa7-8af2-9c7fbb7f5c01,-118.37595832950426,34.11489384989854,15,1664773.0
eae97816-e16c-348a-860b-18acff5c224f,-118.38928755898128,34.16749745870743,16,1650732.0
5e87dcb6-3759-30ec-8546-8777714b38ce,-118.2943192123651,34.0580667065742,18,1666417.0
cdedc2b3-51a3-382b-ac42-e7b2da28467e,-118.33503831308884,34.098211621886634,15,1572825.0
453ca195-ad79-3812-81ff-1fab8af110fe,-118.38928755898128,34.16749745870743,14,1649700.0
cc4f0968-6d1b-3f56-976e-e03b59927e8e,-118.46068064091844,34.15539641275839,15,1754176.0
466de7b2-778c-3914-baee-54070599c097,-118.45434376469494,34.16539103106284,16,1245689.0
95f86ef0-78be-31a5-87b5-05de8fbf6182,-118.01494821485468,34.07286601564767,16,1762661.0
7772f6ee-1ee5-3dba-8214-f8c793f531e6,-118.75387920960765,34.119094834738554,17,1742101.0
e0e3fcc4-8511-38f6-b557-57900660ca61,-118.49297625595976,34.417864156967255,16,1492893.0
53e8d775-4387-3e52-86cd-990c4c7411ea,-118.40217357210813,34.06094152930735,15,1728363.0
4d4ab9e8-0a96-35ae-accb-cf782a9eb670,-118.4286312849681,34.055677023200815,16,1584492.0
9234846b-9d9a-333d-9bd0-a4e09632ed31,-118.59199949834678,34.21688470866643,16,1618786.0
0de8114e-3c3f-36cb-b9fa-a26983ad7d46,-118.11865083396542,34.088649317704075,19,1750311.0
2fea3f34-a049-31da-a7dd-e6bbb7af893e,-118.50342887406518,34.027280824712605,17,1477800.0
a46af6ea-c71a-392f-9f42-db225d38d2cf,-118.44588635995798,34.05096635134191,14,1720586.0
347ea655-89ef-368f-bfb8-940da5b0bae2,-118.28247107598622,34.17046386005273,22,1754400.0
c5cde0c5-31f3-3f87-b1b4-d1bf38c24853,-118.54783964762969,34.29499910945665,15,1582930.0
58f2ffd0-cf4c-3a07-a35f-3ecbcb27a85f,-118.2897637691824,34.11492759784831,14,1492285.0
bc80feef-9dce-3279-b4e5-bb00fae1d065,-118.33362480298057,34.11175375456151,16,1559868.0
0a9111d6-871b-363a-ac29-81f514898431,-118.25138877322112,34.15951242602679,19,1754719.0
49da7d71-e1da-3aad-a6f3-663268d418b4,-118.26255484149416,34.0714732295981,19,1741169.0
b8bee34a-9825-3bd5-8dd5-e7709a3f0111,-118.41214518900873,34.30204908968321,16,1741411.0
a37246e5-9370-343d-b79a-01e23b695210,-118.02378533315876,34.08677101570922,18,1734105.0
c31cca1b-e1a3-36d9-ab16-d8efb0669f4c,-118.59544087486204,34.19790361157482,18,1654798.0
3b62d673-98a2-3843-95de-56d9b3baadc0,-118.25235359502982,34.15138648451914,18,1487485.0
9873a6e3-09e3-3ba8-9a82-4d0756f46e8c,-118.76085972671346,34.16813822922712,19,1733223.0
432a7b89-ab6b-3761-ae5a-8304daaeb8c2,-118.1655618414761,34.503933679277225,20,1718195.0
17846efa-e4a8-3893-b016-36d56a665cd4,-118.38785243393316,34.17923668360475,17,1333283.0
f95dd9dc-dfe3-30d1-a142-abc5d3ce78c3,-118.28685179185943,34.0658104009191,16,1306145.0
6480bfa5-b617-3f1e-8a42-bb2cbe407203,-118.3041105298084,34.060668586316304,16,1226207.0
4440e4f2-ddea-3831-8b06-e612e165fa2b,-118.80193898047672,34.23787414922964,15,1479448.0
96ce6264-a2ef-3bf0-902e-23a1a3dc8122,-118.33994390594808,34.099961775542106,18,1735200.0
57cf8bab-e268-30e4-ac25-13aa3c96bec2,-118.7083310241944,34.145436136165635,14,1560462.0
775dc862-6ace-34df-9ccc-a8d607d73b56,-118.5412012280263,34.377590458062784,22,1739893.0
d4320966-eb49-3a70-92a6-4e74209e40cc,-118.51906186277326,34.2353939268248,15,1405804.0
5e5ddcc9-d484-3545-bb74-00c8c19edb63,-118.44508174491824,34.194807615447495,16,1703640.0
b8e230af-f5af-30c7-8281-c48aa6eb710a,-118.22055830190592,34.127809204059766,14,1395915.0
94eba996-0ece-3b3f-93dd-3c4dd000614f,-118.34098315181534,34.16578039395737,15,1657562.0
2d29c175-62d3-3ccc-aa28-3d3f18a8217b,-117.97983422104876,34.08216933199114,15,1237308.0
7b9df4af-c11f-3ad3-b589-b8fa43e45c9c,-118.51569909171332,34.259782501650946,18,1579721.0
9307b526-4aa8-3f94-a947-85d29296a583,-118.5531650606162,34.170943118343615,15,1753432.0
cf7fa513-fdcf-35b0-ad79-8b10cbd77597,-118.5840980407185,34.403192158844526,17,1334785.0
fc396290-236b-36f0-9e79-7a4e51c238dc,-118.55679893181455,34.39768154584629,15,1727640.0
4c02e0a6-02da-32b0-88a8-488cb36ccc90,-118.43126023347592,34.17963974742711,15,1758545.0
bd80259b-53ba-34e3-b468-78ed4f849953,-118.78957241902064,34.06357522805749,15,1719843.0
3dcbb16d-4263-3361-98e5-ef090672a3ed,-118.68745308701018,34.26790754616853,19,1744605.0
52f4537a-8caf-30a6-b162-f13cfa96685a,-117.95243582588672,34.103577814580476,16,1583163.0
3002b2b3-20c8-3d4d-96c2-3b948e10b01f,-118.47702006100752,34.40768811127879,18,1571633.0
9333a19e-2304-30e0-9eb4-73be6f270014,-118.55679893181455,34.39768154584629,19,1759560.0
162163ed-b5d7-31e1-86e4-3856819cf893,-118.8516390176745,34.15237472937568,14,1679527.0
b5d1fa69-46b2-36ad-9467-7549368a0319,-118.02104878773144,34.08453922446758,16,1743813.0
df846d93-887f-3554-986a-c468d90eb59d,-117.93384381287562,34.08884032419902,14,1634919.0
7ba26092-8a34-3dbf-8e08-e89f961b61af,-118.5669512638108,34.446244101711805,15,1561639.0
9e3e0c8c-0441-35d2-9b79-8fd432b781de,-118.44681391065272,34.23266086497908,17,1557101.0
47963088-013f-39f1-8b87-ea465b5ea6de,-118.12586429683112,34.14224111553743,17,1760520.0
76878703-191d-3d7d-9ce6-e8e34e8be3ce,-118.2375019820733,34.137108440073476,20,1737480.0
1f33728c-eba3-3dee-af8d-c73274cbbedf,-118.55679893181455,34.39768154584629,14,1377720.0
a083b45c-ce43-343a-a337-854c38641c5e,-118.42498182667688,34.031822204259456,19,1727340.0
bea2fb7a-9ce1-3df3-8583-2cb7d44d411d,-118.06573700979388,34.10445066080943,17,1732105.0
0d783352-d24a-34cd-b2d2-49d8578399cc,-118.84299801900563,34.203901270003485,18,1669299.0
f2f317cc-312f-3c85-b7c8-1827b389735f,-118.574784512976,34.19591622486399,17,1753738.0
2ffd0028-0be2-364b-8650-f150610ab777,-118.1825999516579,34.205284226234845,16,1387674.0
de14a9e3-14c6-31d8-821d-5842c1f22efc,-118.2375019820733,34.137108440073476,21,1752840.0
489e9d1f-7ccb-31b7-8cb2-3dc2a3a302f8,-118.38134235771857,34.14594464190369,15,1645538.0
1f177be7-288a-3e89-b999-34487a419682,-118.2625693968275,34.14542020122992,19,1766566.0
a56aec30-f050-301b-b73b-a2cb3ea42190,-118.45901703998696,34.216284733695645,16,1304448.0
4d1a1e51-c75f-3efb-9006-5fc2792aebf0,-118.4692678287026,34.27522672160725,19,1766430.0
09fa52a1-d731-3ee6-a93a-1a504ed9cd82,-118.2375019820733,34.137108440073476,14,1456980.0
c5e9ead1-b1a9-324e-9b8d-02589ce7f12a,-118.60241662622644,34.10763886047504,18,1734643.0
1be2390b-8241-35e5-9aa1-569f3347a0e3,-118.40017476696588,34.235456781442096,14,1752904.0
fa3ef772-a703-3e4f-b430-c148036fd25d,-118.51423025893338,34.1777420323147,17,1320780.0
2f41727d-8036-3023-897f-f30e3fa84a5c,-118.60357808292306,34.19779749410643,19,1754271.0
48be54f8-9821-3f49-91e4-d957b6a5194e,-118.37166534026092,34.21819469445008,14,1651977.0
65bf0c21-968d-3feb-9863-e4e48b8afcc0,-118.08693263592872,34.10877400287182,17,1587956.0
086bba75-d750-3618-8f12-d0d1bab0589e,-118.36371584677582,34.02755720459193,18,1636170.0
9e86c1e3-7ea6-378f-9b16-7a9580961d3f,-118.07520246120708,34.16704415725768,15,1668116.0
4602114d-9324-30b8-a322-49e37e51cd55,-118.14927934593376,34.189368646813,16,1305094.0
a308aea6-199a-36fa-9396-85f68928e753,-118.413164214042,34.2005900455096,16,1412853.0
0503f645-ed43-3e74-911b-5f2eb472961a,-118.45232574026984,34.30067751036568,18,1757013.0
16703d88-40e8-371d-ba50-be54269a9216,-118.2752313704014,34.08577107354634,15,1475647.0
fbca7672-8f25-3c60-a130-1bc0922a7e12,-118.37162589759676,34.08157642742037,15,1403343.0
a242dabf-5cd0-3fdc-b9d2-439437ce1abc,-117.94323656660828,34.10500154702932,14,1233651.0
2dca5c52-4a75-349a-87b1-6087a6788d89,-118.49039957408358,34.24160707099347,14,1738833.0
4ccc54d5-f061-3f04-b394-eeb03fa77c64,-118.57869104759666,34.25988896229232,15,1654800.0
e7841f02-a68f-3289-bff3-25390dafe4d7,-118.68466663098371,34.26433905233193,16,1248143.0
93684030-4bc3-3be8-8fa3-48529ebf5848,-118.15685281697108,34.10813531924055,19,1643340.0
b62b56a3-48a4-3b05-bc0c-00c4fc25b5b2,-118.76609439120142,34.15904590760782,19,1759876.0
bbca3ded-ed5b-3a9e-aa64-13bc61b68d18,-118.25432220461502,34.06434313547729,20,1594498.0
22030256-b2b8-35bf-9c4e-552b86f1a3e8,-118.25357392867568,34.23388722009656,19,1574940.0
25829238-8438-36dd-9955-3015b588397d,-118.11884988961084,34.1860427321798,14,1563784.0
8ff6fe17-7874-3d39-afc6-2914571309dc,-118.2451329011581,34.06578928887643,18,1758277.0
42ec81b4-460b-3b12-a6dc-90c0af48d9e6,-118.12433207660364,34.108437330861356,17,1333681.0
c706ad41-c5f8-3c4b-901d-56124415f503,-118.27821145779016,34.06770417281153,15,1228958.0
3a4e61ad-ce40-3d60-81f0-223be9500d5d,-118.04664474602416,34.09469480243744,21,1669746.0
f8cec445-edec-3ed3-b92d-fc80561c75b3,-118.38891841778556,34.14495737915755,14,1291560.0
72d34ba0-c038-3cc6-b62a-9ee69ffafb76,-117.90123564062708,34.13147005302619,14,1545912.0
d6f49ac2-58e4-367a-9484-2967219ce79b,-118.45203376960464,34.18886410171487,18,1586431.0
d640e8b3-fdc0-36d7-bf6c-dd8f04e01294,-118.47352994058384,33.98931722976626,17,1327680.0
3f15773d-39eb-3afe-80c7-f7f403f54ecc,-118.26050095501697,34.15220487450561,16,1761342.0
c757d68f-c206-3ea1-94bf-5095e974bead,-117.89897614589016,34.12291921397649,14,1233315.0
5e6f0315-7704-3023-a022-2c314aa9232b,-118.30737443007666,34.06153570283875,15,1674120.0
dc0362d9-687d-3847-bd3d-7cdf03f2c888,-118.55098717339604,34.25934098282961,14,1218789.0
aec24909-4974-3788-9b1b-0531f16f3f43,-118.6122892797416,34.25629551135719,21,1659948.0
e8d9ddf1-446d-3fcc-8e15-0c7dc66a9907,-118.55679893181455,34.39768154584629,15,1670761.0
7dc8aa0c-f818-334b-88b8-6501cbe574f0,-118.12532804293896,34.142696935494286,14,1645197.0
7650030a-6da4-3531-8dc5-a4a8685a6f19,-118.53736411818156,34.16708425516607,18,1749900.0
072cc4e8-db59-3182-b8e7-86191437b45b,-117.8454018769932,34.13321992421664,16,1673846.0
701ae008-80b2-39cf-bd0e-a7dbbe3b0f73,-118.55679893181455,34.39768154584629,19,1705680.0
f09f5269-0fa7-3162-8544-fb36b0726cc8,-117.8377974396242,34.13191929234431,15,1500704.0
5d8b2aaf-92ef-331d-a8f4-4990345aab38,-118.26778433138104,34.058794192609746,15,1408983.0
25e4ee05-838c-3421-a882-4fa7e231d1c4,-118.09993105572543,34.39993749059435,16,1741778.0
ce6a09af-9684-3abb-b79d-d9509a30d096,-118.03016687785164,34.121437825947915,14,1554124.0
30cbe780-d733-3c3f-975b-5d8eeb44d5c6,-118.31331310537144,34.095289568625844,15,1559146.0
0c7678da-1f47-377c-ad62-08cd6897ef6c,-118.61626207857388,34.18004725132647,15,1726670.0
cfc6ef0d-77b6-3951-90cd-d555b7e8be9c,-118.09303634456067,34.41352587325069,17,1734345.0
d903c757-549d-34df-9645-718330e54e42,-118.39909425854802,34.1700913407066,14,1135045.0
252c5a16-45b9-3fcb-bfe9-ad81f8666e02,-118.15685281697108,34.10813531924055,20,1594500.0
5f80cfdf-1aa6-37f8-afda-5e80a6444235,-118.48412034555136,34.224099211596844,15,1719125.0
84e44e96-bf56-318b-b713-be5223ff0cc0,-118.08440089380552,34.1227745085932,17,1330901.0
9cfdfb77-5f54-3d5f-93b3-d7ef16b96e6c,-117.91215229604262,34.13815316246194,17,1465732.0
9069438a-7dbc-3bbd-b8bf-fc9d04b9ac48,-118.57303336459567,34.21848208259716,14,1493497.0
5c9dfbcd-76a9-3a91-9739-9f3e84d4fc99,-118.400037218537,34.02985433578293,16,1476120.0
975038c6-6afa-39cf-9b0b-28d0ef28aab1,-118.50460682535424,34.36857783582469,20,1760759.0
050fb4be-0260-3b9b-b262-dcfb174bff87,-118.28770052016452,34.08609190690532,18,1727390.0
fe48082d-82e2-3fab-8b78-beb8bc3bf04e,-118.47953302259477,34.39593533625034,17,1655605.0
96955968-2616-3411-b2fd-fe8971807f9f,-117.9212476820914,34.07676063384474,19,1668767.0
16e05cce-4046-3851-82d3-b9ec2ee27faf,-118.07818175515608,34.14537458906473,18,1759152.0
a3758a66-a5e5-3597-9109-b7303d94ca7d,-118.18369780594568,34.20617542647199,16,1586872.0
08d8236e-5710-3e5a-8c33-0c66a35e5bc2,-118.35652031027328,34.085802174948405,16,1318573.0
5d5dd0a7-f11e-3ae8-b929-a8f986802c5b,-118.38189096464562,34.44486925793039,19,1749712.0
f7c2c2c8-ae96-36c3-a669-09ad8af931bd,-118.36660367422192,34.17361369409928,20,1589464.0
a70a804c-f131-361d-b6b1-ac53be6ae4b4,-118.33988355422493,34.26769227406025,19,1755600.0
17aef740-4a49-34a7-b120-87c3e7c8970d,-118.3112081008889,34.02903018444776,19,1680071.0
76ec51e2-2117-3643-a75f-61e7988b8548,-118.6832146802205,34.136765892381334,21,1762615.0
0295fef1-fb7d-336f-ab8f-c178c1cc0264,-118.28535602768828,34.07439312220125,14,1550029.0
524b9bc8-98b8-38c8-94d1-3582141b5845,-118.78755306427114,34.17361330977716,14,1749644.0
09f25b6e-185e-31dd-a3d4-e1841ea92682,-118.2446902077472,34.220451033288974,15,1160610.0
806b9e26-e0ca-3b12-8059-a7f1306c37aa,-118.49350267179368,34.32498001874877,17,1677878.0
0090ac97-878a-3fd4-a522-885d660dee8c,-118.15685281697108,34.10813531924055,18,1639560.0
8c12fd0f-5d37-32c3-a62f-69cbe48b7f4e,-118.08533493425936,34.15342784218816,19,1562638.0
f9d8d1ec-a443-3b60-a676-59a7c5430353,-118.19947233528444,34.20872753971326,17,1314464.0
c33f6b4e-48e4-3886-ad0f-7b34bf189d2c,-118.34494237437852,34.07330445301579,15,1589143.0
6fafd120-85ae-39a7-b57d-c4f9bbbcfec4,-118.52586876192582,34.40167815172338,18,1584984.0
0397b11f-32e5-32fd-9a05-3c38bf997ea7,-118.45138323348,34.08742337909926,14,1660403.0
1e62f3a2-b31b-352e-a1a4-2c6c6965c43f,-118.40385059581372,34.2606638983645,15,1667298.0
fb10b4f4-177f-3851-921f-d9c177a3d964,-117.91660911669892,34.09889030105314,15,1479881.0
d9912c8a-75cc-3131-82e5-d4eecdefe8f5,-118.25351140204828,34.15633450523429,15,1333593.0
f771f7a3-ae39-3383-b702-b46bab5bab04,-118.75387920960765,34.119094834738554,18,1731600.0
54e64e60-2d27-3e26-8e5b-9f596380956c,-118.44508174491824,34.194807615447495,17,1731000.0
2f22ec2f-0d62-3e4e-8bc9-080f1093c29d,-118.55363857264189,34.3738263013261,18,1760891.0
b7bfc1f5-01bb-3399-bd2f-a5657e2acee4,-118.1814466890334,34.08355243744108,14,1242482.0
a3ee8018-d812-38d7-b3f4-92dc189221d4,-118.48699620773202,34.20242241432804,20,1729297.0
60ce21d8-71a5-313c-8efc-81bded02caa1,-118.4744850472602,34.449197832715214,18,1742247.0
298fc19f-6a22-3a83-9b0c-1900fd5984b9,-118.07988056618488,34.10838530166438,16,1246515.0
73c738bf-bece-386f-a751-6c9fa330a5e7,-118.87771376319648,34.12988710629989,17,1327092.0
7d528ab1-d212-343b-81f1-a16e68a750aa,-117.97513828558512,34.09798871290649,16,1748422.0
57c28a21-2fdb-3372-989d-c12e232f3df9,-118.4476448162544,34.21777214361209,14,1558881.0
ed1f8b62-4a5e-36de-be3e-2dcb6a77fab3,-118.2509990607698,34.05941709721859,22,1767117.0
edb02712-8a6d-3eaf-a5b1-12ebd5f6a533,-118.4197674015999,34.23838758990471,19,1754933.0
dc6cbc2b-ffc3-3d18-8ab2-13258e43d26e,-118.53430764154596,34.23790927849315,19,1654626.0
53cf5876-2b4e-3c02-bb2d-cbd91a3045bb,-118.41823542931684,34.04948496556943,14,1409432.0
e57c55c4-e92f-3067-a27d-abec1ecf2b02,-118.50842411998596,34.247698781538126,17,1747910.0
14be8816-e734-327d-9214-013c0865769f,-117.83740645047354,34.14725316406168,17,1727349.0
26f96f12-fcde-343f-ba75-dab32af4cdbe,-117.91830815052356,34.10564136379557,17,1393654.0
71c52f6e-4d8d-3941-8e88-8ad5e6f4cf4e,-117.88941040418264,34.089620946109875,14,1410420.0
07220115-f25b-31d4-81cc-f8170778104b,-118.59733027172491,34.18300041160068,14,1570760.0
57b3404b-0eb2-3c02-a88a-c2d365b82764,-118.25796344386362,34.16395414888239,17,1656278.0
2400f743-6947-385a-9ee0-600d412bb7f1,-118.29151985772414,34.15909667403941,17,1473224.0
ea9c1082-92eb-341c-ac28-f9f28975a94c,-118.5184561797784,34.171377563388496,18,1555153.0
1b126859-61cd-3961-9e67-23d71cc7a8c2,-118.55781847427784,34.18801721813382,15,1668421.0
98d2b113-a48c-3b4e-9993-6dfdcab2c378,-118.52213918853327,34.165019687564964,17,1315097.0
bdee0b2b-3ee7-33fe-86aa-32035133413d,-118.31095091278073,34.082689734843115,15,1763930.0
ed23dcfd-c4fd-3ee4-a496-841eaa6c6d47,-118.59572783751646,34.15551828783072,20,1585740.0
b359635e-ea4f-3369-88c8-e4f912bc1795,-118.55679893181455,34.39768154584629,18,1730400.0
94396f9b-6ae1-3acb-aa4f-0dbeec4badf6,-118.45498604612608,34.23436765228753,19,1640640.0
18e5690d-8d0b-3dfd-84bd-5b7c2e7629cb,-118.40912040990048,33.989621013550455,15,1735036.0
65a82bd4-6cfb-3a84-9614-41b64281093d,-118.28247107598622,34.17046386005273,20,1734300.0
fb61a043-284b-3b31-86ea-6f14f3b2594f,-117.83846434243752,34.1445404394675,19,1492203.0
9cd80436-9475-3937-aede-3a3ce6062478,-118.45432841890594,34.037790993572095,15,1366980.0
842e052f-9fb5-33fb-9e5e-26705c605fe3,-118.5052521883579,34.0385306398579,19,1740655.0
ae727331-c2e1-3a38-861c-0772b4145db4,-118.13847721288032,34.19307655609677,16,1657871.0
64255f93-b891-3b32-95f3-d09fa3cf0557,-118.52362985870732,34.21775329652477,20,1762876.0
dc0e5ca6-ee38-31eb-8dbb-4ee15555affc,-118.3756468166616,34.06214311668654,14,1746660.0
cbdedf4b-4602-3fb4-b87c-c1bfd028aad4,-118.55030924665029,34.22237844576321,16,1747091.0
767f2e94-ec55-39f3-869d-11bdc0c2fc1c,-118.4512810061524,34.208260751439525,19,1674742.0
01e0fc1a-4762-3747-a3f2-8a3904444637,-118.51906812935016,34.41664111784189,15,1762999.0
ec715672-8762-3b57-a780-926b86e8f595,-118.28550967468036,34.048690280168955,14,1121945.0
c4e9950a-8c44-33bc-adce-1487e39b5c62,-118.46222588217933,34.40155379622357,14,1669263.0
7cdd6605-4736-3c96-9d2b-7506d32878a2,-118.87024458790953,34.18455337284836,19,1754477.0
3963b198-8a3e-38a2-94bf-01ea319996f1,-118.021628579518,34.08769079444792,16,1752408.0
483fca57-c0eb-3c89-8dfc-dd23cee9c11c,-118.45432841890594,34.037790993572095,16,1762200.0
0c484110-a663-339d-a13e-e74c6889eab0,-118.51255975155392,34.20571679881964,19,1745222.0
73c31ec9-00b9-3bd1-8c75-8348f601dee4,-118.27983663582276,34.06768725739125,18,1659833.0
47b43b05-b95c-3ea9-b51e-7a9fe75fdb3f,-118.5106067416547,34.21791442284929,18,1580975.0
0527c31b-c94e-3547-b0ae-79ec72e70832,-118.00174839287496,34.148276650596316,14,1715220.0
4b13ac9b-1c55-3370-a9ac-7f0d2a1f9eab,-118.57277368371736,34.20450852198101,18,1739160.0
775a2899-fbab-31e8-bd12-527a238fab27,-118.58191245009458,34.19988231122748,17,1334892.0
aca3a575-4d22-3bdd-b58b-27992e24b2a6,-118.7946736747983,34.22806210318333,15,1658945.0
643c88a2-8d91-3ca4-90bd-abbf58285523,-118.46206517791204,34.235636055306344,16,1749282.0
847db98f-fa79-3c66-aaf0-fb55b404d491,-118.44508174491824,34.194807615447495,18,1731540.0
d4a644bc-f71a-3641-ab4a-f71399f43249,-118.26178584379028,34.05615051988765,17,1748827.0
32ab4514-5b8f-3176-be20-7e0efd379fad,-118.52136237757028,34.15195394154172,18,1661217.0
29b6321e-410d-3a9a-8b3a-70446e68ea70,-118.40525036039878,33.98470543150307,18,1729438.0
2eca7489-1b8a-358a-9e19-e02bef4b49d7,-118.326079702498,34.1839778760064,18,1653130.0
db3aae80-aaea-3750-8f13-a3dc35a77d5e,-118.59466625852828,34.38682411330452,19,1576871.0
164cf49a-1a02-3e48-9960-4f54f755f90a,-118.55300223112972,34.073105272206675,16,1230786.0
c80c3ab8-c388-3ddd-aec3-1a3e38b9883c,-118.75459654117046,34.15380058101246,14,1745763.0
254c9769-e375-30a6-99b7-8603e78c58a9,-118.52195523879658,34.275485334195764,15,1624214.0
02dfd012-81bd-3126-b56c-b35807531a1c,-118.08373223252806,34.11286045330313,21,1764767.0
65de26b5-6ff9-34cb-a419-72f7fd5ab1ae,-118.48973305281996,34.080201056838334,15,1656960.0
da681241-21ab-324d-95f9-58f3da8efa6b,-118.11340475911756,34.14325655825839,16,1245114.0
0c6d14b1-ab53-39df-a058-afe6a4dbea29,-118.01384310976842,34.07107148133448,15,1758424.0
fca6c29f-874f-3442-8eeb-fc78fed7c8db,-118.2875014066914,34.25157107434089,14,1742364.0
2678b0ce-3fab-3573-9693-cecafcb45255,-118.09317337887282,34.13036212932152,18,1487520.0
fea9e512-ab32-3748-94c9-a2305cbab275,-118.15166114438966,34.164997759292724,15,1738140.0
f763a210-3f97-32c6-a813-7237798230f7,-118.81720902772912,34.08931921353211,19,1676243.0
f9e4f12f-c714-33a9-bf99-8c0b8c839e18,-118.86849291764368,34.203515462512236,17,1650638.0
315f39aa-3425-3d3d-8fa2-29186a15a003,-118.56820994450266,34.280312405576225,18,1661759.0
6437f4b1-ce20-3fb2-9766-803f1996e46b,-118.39888189037084,33.99244324447208,21,1673040.0
d492f867-3d3a-39d5-a040-7c5b23d52b73,-118.15166114438966,34.164997759292724,18,1737240.0
fc2b6912-0fbc-3774-b65b-409eca65b11e,-118.44493248207552,34.281377462100984,18,1569447.0
83e0a781-cda1-3094-b8c0-ac04616fb1cc,-118.1293877346522,34.16249934844739,18,1662304.0
7ae73f94-2444-3462-be7e-51688ff23923,-118.23827196624391,34.18985536570724,22,1756800.0
d2eccc92-cde2-35a3-9b41-80b00a2862a6,-118.5203740891483,34.21779370768167,17,1674609.0
c6d96c88-f36f-391b-ab38-896dcee3834c,-118.34486396176844,34.1026133557132,14,1159555.0
5a025776-f259-3ce5-9cca-7270791751d1,-118.00555807412776,34.1036053320152,16,1732795.0
ac095afb-2a30-372a-bed7-2bb699efcbfd,-118.45836693955545,34.24154147259423,14,1764893.0
f15ed9b5-8dd0-3f0a-8185-22ea7f9f3ea2,-118.4297268574002,34.15305561589171,18,1739220.0
6269d234-0ad5-309e-9c75-73f2e922fd7e,-118.4309369807578,34.41680236084344,19,1737988.0
6b0391c6-1315-3658-889c-83f454da8021,-118.53624539234669,34.28477517384857,15,1665440.0
f157dace-c2c1-3472-9efe-d27738a364a9,-118.52886049471007,34.53599507979991,14,1477901.0
69b1e13f-3f79-3d07-956e-00fdd75c1b99,-118.58990603465747,34.192114209190045,14,1750800.0
3ef5c630-caac-3f64-8c25-e1ffcaaabd9d,-118.40217357210813,34.06094152930735,18,1635372.0
6594aeaf-5a0c-32ec-9632-3a0b56c3c0a4,-117.89932737446,34.104879967554474,17,1326988.0
a151679e-e77f-3968-8a5e-5d64b003071a,-118.02451735933462,34.102546835362276,18,1575921.0
c3a47279-a510-3f76-ba6d-b7b78281200f,-117.95829844683142,34.142761681407116,17,1327396.0
94f2005e-ba1e-3fbf-8212-204dac915ead,-118.06097719701572,34.11396095810213,19,1754093.0
49afc35e-ae89-3bf1-a7d4-8a11bf34fc9d,-118.3472906634216,34.1530864461359,17,1335073.0
0297a90d-5b86-358a-a80f-34d6b60f969e,-118.43108194134756,34.23329638724324,16,1731971.0
214fb995-97ac-31e3-bc57-80cf239a5c7b,-118.59572783751646,34.15551828783072,19,1732693.0
ed43f447-be1a-36df-92da-3bd3fe9fb5a9,-118.1320960538457,34.08086074018864,22,1760290.0
34a4483d-05e0-3a92-8e31-2a357d5ecd58,-118.23208674669743,34.13761380337186,16,1332599.0
616cb9ff-dca1-355e-9959-0a43914a537e,-118.40059299958924,34.26070117058489,15,1763807.0
2d7df241-1cc1-3207-b411-facdf7e7c04b,-118.46233026352456,34.250962603373075,14,1746987.0
8223065d-78db-30b8-a79c-59ff384eda2b,-118.1708554880495,34.21937466089621,16,1588930.0
57106b19-8412-388d-b0dc-bb5d69552451,-118.53517221630447,34.22572498979138,17,1660131.0
344e77b9-b9d6-38a7-a432-f27177be3d5a,-117.84059778903136,34.140918510563154,16,1320077.0
36e0f531-5618-3225-9e69-bd9e019b2fd9,-118.00743227338644,34.07878974902625,15,1667986.0
